논문 제목,핵심 내용,AI의 특징,고객 세그먼트,가치 제안,채널,고객 관계,수익 흐름,핵심 자원,핵심 활동,핵심 파트너십,비용 구조,추가영역 제시,비즈니스 캔버스 모델의 틀을 바꿔 새로운 비즈니스 캔버스 모델을 제시,비즈니스 모델 캔버스(BMC) 활용 여부,기타,오류
A business model template for AI solutions.pdf,"{
  ""핵심 내용"": ""본 논문은 AI 솔루션의 비즈니스 모델 구성 요소를 설명하는 캔버스를 제시하며, 스타트업, 스핀오프, 기존 기업들이 AI 연구 및 기술을 상업 제품 및 서비스로 전환함에 따라 AI 엔지니어들이 전체 전략 내에서 그들의 작업을 집중하고 포지셔닝함으로써 이점을 얻을 수 있음을 강조한다. 기존 연구, 9개의 2차 자료 사례, 5개의 자체 사례 연구를 기반으로 AI 솔루션용 비즈니스 모델 캔버스를 설계하여 가치 제안, 고객 세분화, 고객 관계, 채널, 핵심 파트너, 핵심 활동, 핵심 자원, 수익 등에서 가장 자주 사용되는 요소를 강조한다."",
  ""AI의 특징"": ""AI 솔루션은 시각적 인식, 음성 인식, 의사 결정, 언어 간 번역과 같이 일반적으로 인간의 지능을 요구하는 작업을 수행할 수 있는 컴퓨터 시스템의 이론 및 개발을 포함한다. 여기에는 머신 러닝과 같은 AI 알고리즘과 컴퓨터 비전, 콘텐츠 생성, 음성 처리, 추천 엔진, 범주화, 자연어 처리(NLP), 이상 감지 등의 AI 응용 프로그램이 포함된다."",
  ""고객 세그먼트"": ""AI 솔루션의 고객 세그먼트는 농업, 보험, 건설, 엔터테인먼트, 자동차 제조, 패션과 같은 다양한 산업의 비즈니스 고객(B2B), 연구 기관 및 학계, 기타 개발자, 국방부와 같은 정부 기관, 소비자(B2C) 최종 사용자를 포함한다. 스타트업의 경우 고객 세그먼트는 정확한 고객 그룹과 산업을 사용하여 더 구체적으로 정의된다."",
  ""가치 제안"": ""AI 솔루션은 고객에게 새로운 기능과 혁신을 제공한다. 데이터와 알고리즘을 사용하여 더 나은 제품을 만들고 제품 채택의 리더가 되며, 인간을 보강하여 프로세스를 최적화하고 제품 가격 책정의 리더가 되며, 인간을 대체하여 비용을 절감하고 인력 효율성의 리더가 된다. 또한 더 빠르고 나은 의사 결정 또는 복잡한 문제 해결, 엔드투엔드 솔루션 제공, 프로세스 및 자원 최적화, 시간 및 비용 절감, 안전 및 보안 보장 등을 제공한다."",
  ""채널"": ""AI 회사는 다양한 채널을 사용하며, 여기에는 소셜 네트워크, 모바일 앱, 웹사이트, 온라인 상점, 컨퍼런스, 파트너 판매, 언론, 유통 업체, 공급 업체가 포함된다. 소셜 및 기업 네트워크는 제품에 따라 광고 및 판매 플랫폼 역할을 하며, 모바일 앱, 웹사이트 및 온라인 상점은 AI 솔루션의 판매 지점 역할을 한다. 또한 컨퍼런스에서 파트너, 유통 업체, 공급 업체와의 기존 미디어 및 대면 커뮤니케이션도 중요한 연락처 생성 및 기존 연결 지원 파이프라인으로 남아 있다."",
  ""고객 관계"": ""AI 솔루션 기업은 고객과의 관계에서 다양한 접근 방식을 따르며, 여기에는 고객이 여정에서 혼자 있는 셀프 서비스, 개인 지원 또는 고객 지원이 수반되는 경우, 서비스가 자동화되어 인간-기계 협업의 새로운 방식을 나타내는 경우, 다른 고객 그룹에 대해 자동화된 서비스를 의미하는 맞춤형 서비스가 포함된다. 마지막으로 광범위한 전략은 제품을 중심으로 커뮤니티를 만드는 것이다."",
  ""수익 흐름"": ""AI 솔루션의 주요 수익 흐름 유형은 Software-as-a-Service, 일회성 판매 및 라이선싱이다. 다른 수익 흐름으로는 스타트업 투자, 라이선스 및 로열티, 사용료(""종량제""), 광고에 일반적인 지불 시스템인 클릭당 비용 등이 있다."",
  ""핵심 자원"": ""AI 솔루션의 핵심 자원에는 인적 자원, 제품/기술, AI 및 알고리즘, 지적 재산, 데이터 세트, 회사의 핵심 가치가 포함된다. AI 업계에서는 인재가 부족하며, 재능이 AI 회사에서 가장 중요한 자원임을 확인한다. 특허 및 노하우와 함께 지적 재산(IP)도 핵심 자원으로 언급되었다."",
  ""핵심 활동"": ""AI 솔루션의 핵심 활동에는 R&D, 엔지니어링, 제품 개발, 소프트웨어 개발, 마케팅 및 판매, 고객 개발/지원, 운영, 데이터 관리, IT 유지 관리/운영 및 설계가 포함된다. AI 회사는 IT, 비즈니스, 엔지니어링 및 설계의 최첨단 기술을 기반으로 한다."",
  ""핵심 파트너십"": ""AI 솔루션의 핵심 파트너에는 투자자, 대학 및 연구 기관, 주요 IT 회사(Google, IBM, Microsoft, FB 등), 개발자, 정부, 유통 업체, 공급 업체가 포함된다. 많은 AI 분야의 스타트업은 재정적으로 관련된 데이터 액세스 문제로 어려움을 겪고 있다. 주요 파트너십은 대규모 데이터 세트와 같은 재정적 투자 이상의 회사 가치를 높이는 전문 투자자와 함께 구축해야 한다."",
  ""비용 구조"": ""AI 솔루션의 주요 비용 구조에는 인적 자원, 관리(사무실 임대 등), R&D, 마케팅 및 판매, IT 인프라, 제품 개발, 하드웨어 및 소프트웨어 비용, 라이선싱이 포함된다. 인건비가 가장 큰 비용 항목이며, 그 다음이 사무실 임대료이다. 회사의 절반은 R&D 비용, IT 인프라, 소프트웨어 비용 및 마케팅 비용이 있다."",
  ""추가영역 제시"": ""AI 솔루션의 비즈니스 모델은 Al 기술의 높은 파괴력으로 인해 파트너 네트워크(개발자 커뮤니티, 연구 기관, 학계 등)와 고객 모두 Al 기술을 통해 더 나은 솔루션을 기대하고 있다는 점을 강조한다. 높은 기대감에 따라 고객은 시장에서 기술적으로 강력하고 사용자 친화적인 솔루션을 요구한다."",
  ""비즈니스 캔버스 모델의 틀을 바꿔 새로운 비즈니스 캔버스 모델을 제시"": ""N"",
  ""비즈니스 모델 캔버스(BMC) 활용 여부"": ""Y"",
  ""기타"": ""AI 솔루션의 비즈니스 모델에 대한 연구 결과는 AI 기술이 가진 높은 잠재력과 파괴력을 바탕으로 기존 비즈니스 모델과 차별화되는 요소를 강조하며, AI 솔루션의 기술적 특성과 시장 상황에 맞는 비즈니스 모델 전략의 중요성을 보여준다.""
}",JSON 파싱 오류,JSON 파싱 오류,JSON 파싱 오류,JSON 파싱 오류,JSON 파싱 오류,JSON 파싱 오류,JSON 파싱 오류,JSON 파싱 오류,JSON 파싱 오류,JSON 파싱 오류,JSON 파싱 오류,JSON 파싱 오류,JSON 파싱 오류,JSON 파싱 오류,JSON 파싱 오류
"A few Thoughts on the Use of ChatGPT, GPT 3.5, GPT-4 and LLMs in Parliaments Reflecting on the results of experimenting with LLMs in the parliamentarian context.pdf","이 논문은 ChatGPT, GPT 3.5, GPT-4와 같은 거대 언어 모델(LLM)이 의회 환경에서 어떻게 활용될 수 있는지 탐구하고, 이들 모델의 잠재적 기회와 위험을 분석합니다. 특히 의회 업무에 적용할 때 LLM의 응답 품질, 윤리적 고려 사항, 투명성, 그리고 잠재적인 조작 가능성을 평가하고, SWOT 분석과 비즈니스 캔버스 모델을 적용하여 LLM 기반 AI 부서를 설계하는 방법을 모색합니다.","연구에서 사용된 LLM은 텍스트 생성, 데이터 분석, 문서 요약, 번역, 질의응답 등의 기능을 수행할 수 있으며, 주어진 프롬프트에 대해 빠르고 다양한 응답을 생성할 수 있습니다. 하지만 학습 데이터에 내재된 편향성, 부정확한 정보 생성, 투명성 부족 등의 잠재적인 문제점도 지니고 있습니다.","이 논문에서 LLM 기반 솔루션의 주요 대상은 의회 의원, 의회 직원, 행정 담당자, 정책 입안자, 그리고 궁극적으로는 시민과 대중입니다. 이러한 그룹은 LLM이 제공하는 정보 접근성 향상, 의사 결정 지원, 그리고 시민 참여 증진의 혜택을 받을 수 있습니다.","LLM은 의회 업무의 효율성 증대, 데이터 기반 의사 결정 지원, 실시간 정보 접근성 향상, 시민 참여 및 소통 증진, 법률 및 정책 문서의 분석 및 요약, 번역 서비스 제공 등의 가치를 제공할 수 있습니다. 이를 통해 의회 운영의 투명성과 책임성을 높일 수 있습니다.","LLM 기반 솔루션은 의회 내부 인트라넷, 의회 웹사이트, 의원 소통 도구, 교육 프로그램, 협업 플랫폼 등을 통해 사용자에게 전달될 수 있습니다. API를 통해 다른 시스템과 통합될 수도 있습니다.","LLM은 의원 및 직원에게 지속적인 지원과 맞춤형 서비스를 제공하고, 사용자 피드백을 수집하여 솔루션을 개선하는 데 활용될 수 있습니다. 자동화된 질의응답 시스템과 대화형 인터페이스를 통해 사용자 참여를 유도할 수 있습니다.","이 논문에서는 LLM 기반 AI 부서의 자금 조달 방안으로 정부 예산 할당, 외부 파트너십 및 연구 보조금, 그리고 의회 업무에 특화된 AI 솔루션 상용화를 통한 수익 창출 가능성을 제시합니다.","LLM 기반 솔루션의 구현 및 운영에 필요한 핵심 자원으로는 숙련된 AI 전문가(데이터 과학자, 머신러닝 엔지니어 등), 고성능 컴퓨팅 인프라, 다양한 의회 데이터 세트, 그리고 독점 및 오픈 소스 AI 소프트웨어 등이 있습니다.","LLM 기반 솔루션 개발, 모델 학습, 데이터 처리, 시스템 배포, 사용자 교육, 지속적인 연구 개발 및 모델 개선, 그리고 데이터 프라이버시 및 보안 유지가 핵심 활동에 포함됩니다.","기술 기업, AI 연구 기관, 정부 부처, 투명성 및 거버넌스 관련 NGO, 국제 의회 등이 기술 개발, 구현, 적용을 위해 협력할 수 있는 주요 파트너입니다.","인건비(AI 전문가 및 지원 인력), 인프라 유지보수 비용, 클라우드 컴퓨팅 비용, 연구 개발 비용, 교육 및 워크숍 비용, 그리고 소프트웨어 라이선스 비용 등이 주요 비용 항목입니다.","논문에서는 전통적인 비즈니스 모델 캔버스 외에 데이터 프라이버시 및 보안, 윤리적 고려 사항, 투명성 및 설명 가능성, 그리고 잠재적 조작 가능성과 같은 AI 솔루션의 고유한 위험 요소를 강조합니다. 이러한 요소들은 LLM이 의회 환경에서 책임감 있게 사용될 수 있도록 보장하는 데 중요합니다.",N,Y,"이 연구는 LLM을 의회 환경에서 활용할 때 나타날 수 있는 긍정적 측면과 부정적 측면을 모두 고려해야 함을 강조합니다. LLM은 의회 업무를 지원하는 강력한 도구가 될 수 있지만, 데이터 편향성, 투명성 부족, 그리고 잠재적인 조작 가능성과 같은 위험을 완화하기 위한 신중한 접근 방식이 필요합니다.",
An Economic Perspective on the Implementation of Artificial Intelligence in the Restaurant Sector.pdf,"이 논문은 레스토랑 산업에서 인공지능(AI) 도입에 대한 경제적 관점을 제시하며, 외식업계 종사자들의 의견을 수렴하여 AI의 장점과 단점을 분석한다. 특히 비즈니스 모델 캔버스와 린 캔버스를 레스토랑 산업에 맞게 적용하여 AI가 외식 사업에 미치는 영향을 전략적으로 이해하고, 경쟁력 있는 비즈니스 모델을 구축하는 데 기여한다.","AI는 레시피 생성, 재료 최적화, 개인 맞춤형 식단 추천, 식품 품질 관리, 메뉴 설계 등 다양한 영역에서 활용될 수 있으며, 데이터 분석을 통해 고객의 선호도를 파악하고 트렌드를 예측하여 새로운 요리 혁신을 가능하게 한다. 자동화를 통해 반복적인 작업을 간소화하고 비용을 절감할 수 있지만, 인간적인 직관과 창의성을 대체할 가능성도 존재한다.","이 연구는 레스토랑 및 외식업체, 케이터링 회사, 혁신적인 미식 경험에 관심 있는 최종 소비자를 주요 고객 세그먼트로 정의한다. AI 솔루션을 통해 경쟁력을 강화하고 효율성을 증대하려는 사업자와 개인화된 서비스를 통해 만족도를 높이려는 소비자를 대상으로 한다.","AI는 레스토랑 운영의 효율성 증대, 개인 맞춤형 메뉴 제공, 음식물 쓰레기 감소, 고객 경험 향상, 새로운 요리 혁신 가능성 등의 가치를 제공한다. AI를 통해 레스토랑은 운영 비용을 절감하고 고객 만족도를 높이며 지속 가능한 경영을 실현할 수 있다.","AI 솔루션은 온라인 주문 플랫폼, 레스토랑 및 케이터링 회사와의 파트너십, 미식 관련 행사 및 박람회 등을 통해 사용자에게 전달된다. API를 통해 기존 시스템과 통합되거나, 사용자 인터페이스를 통해 직접적인 상호작용을 제공할 수도 있다.","개인 맞춤형 고객 서비스, 피드백 수집을 통한 지속적인 개선, AI 기반의 로열티 프로그램 등을 통해 고객과의 관계를 구축하고 유지한다. 데이터 분석을 통해 고객의 구매 패턴과 선호도를 파악하여 개인화된 보상과 프로모션을 제공함으로써 고객 충성도를 높일 수 있다.","AI 솔루션의 직접 판매, 온라인 플랫폼을 통한 주문 수수료, 미식업체를 위한 AI 컨설팅 서비스 등을 통해 수익을 창출한다. 정부 지원금이나 연구 보조금을 통해 자금을 조달할 수도 있다.","AI 개발팀, 숙련된 요리사, 확장 가능한 기술 플랫폼, 레시피 및 미식 선호도 데이터베이스 등이 핵심 자원으로 작용한다. 신선하고 고품질의 재료를 공급하는 업체와의 파트너십 또한 중요한 자원이다.","AI 알고리즘 개발 및 지속적인 개선, 개인 맞춤형 메뉴 설계, 온라인 플랫폼 관리, 배달 물류 관리 등이 핵심 활동이다. 데이터 수집 및 분석, 모델 학습, 시스템 배포, 사용자 교육 등도 중요한 활동으로 간주된다.","식품 및 음료 공급업체, 배달 및 물류 플랫폼, AI 기술 개발업체 등이 핵심 파트너이다. 공동 프로모션을 위한 지역 사업체와의 파트너십도 고려될 수 있다.","기술 플랫폼 개발 및 유지보수 비용, 인건비, 마케팅 및 브랜드 홍보 비용 등이 주요 비용 항목이다. 데이터 수집 및 처리 비용, 라이선스 비용 등도 고려해야 한다.","논문에서는 AI 도입으로 인한 고용 감소 및 개인 정보 보호 문제에 대한 윤리적 고려 사항을 강조한다. 또한, 고객 경험에 대한 영향, AI의 창의성 제한 가능성 등도 추가적으로 제시한다.",N,Y,"이 연구는 레스토랑 산업에서 AI의 잠재력을 탐구하고 있지만, AI 기술 발전 속도, 데이터 가용성, 소비자 수용도 등의 요인에 따라 결과가 달라질 수 있다. 향후 연구에서는 다양한 레스토랑 카테고리 및 지역별 특성을 고려하여 AI 적용 효과를 분석할 필요가 있다.",
Business Model Canvas for the Proposed ShopnTry Mobile Application.pdf,"이 논문은 증강 현실(AR) 기술을 활용한 가상 착용 모바일 애플리케이션인 ShopnTry의 비즈니스 모델을 SWOT 분석, TOWS 분석, 비즈니스 모델 캔버스(BMC) 관점, 6가지 사고 모자 설문 조사, 디자인 씽킹 접근 방식을 사용하여 평가합니다. ShopnTry가 경쟁력 있는 시장에서 차별화될 수 있는 전략적 계획의 핵심 요소를 포괄적으로 분석하고, 사용자 중심 경험, 개인화된 추천, 소셜 스타일링 커뮤니티 구축 등을 통해 고객 만족도를 높이고 지속적인 성장을 추구하는 방안을 제시합니다.","ShopnTry 애플리케이션은 가상 스타일리스트 AI 챗봇을 포함하며, 이는 사용자 선호도에 기반하여 개인화된 추천을 제공합니다.","ShopnTry의 주요 고객 세그먼트는 패션에 관심이 많은 사람들과 온라인 쇼핑객입니다. 이들은 온라인 쇼핑을 활발히 이용하며, ShopnTry는 이들의 니즈와 선호도를 충족시키기 위해 설계되었습니다.","ShopnTry는 증강 현실(AR) 기술을 기반으로 몰입감 있고 상호 작용적인 쇼핑 경험을 제공하며, 사이즈 및 핏에 대한 우려를 해결하고, 제품을 구매하기 위해 외출할 필요성을 줄여주며, 소셜 커뮤니티 피드를 통해 사용자 간의 연결과 공유를 촉진하고, AI 챗봇을 통해 패션 스타일링 경험을 제공하며, 새로운 제품과 스타일을 발견하고 시간을 절약하며, 실망감과 반품의 위험을 줄여줍니다.",ShopnTry의 주요 채널은 사용자 상호 작용을 용이하게 하는 모바일 애플리케이션입니다.,ShopnTry는 몰입감 있고 개인화된 쇼핑 경험을 제공하고 소셜 커뮤니티 피드를 통해 사용자 상호 작용을 제공함으로써 강력한 고객 관계를 구축합니다. 또한 고객 지원 기능을 통해 문제 해결을 지원합니다.,ShopnTry의 수익 흐름은 가상 착용 프리미엄 기능 구독과 판매자 제품 판매에 대한 수수료를 통해 발생합니다. 가상 착용 기능을 사용하기 위해 월 75PHP의 구독료를 책정합니다.,"ShopnTry의 핵심 자원은 기술 인프라, AR 기술, 포괄적인 제품 카탈로그, 소매업체, 브랜드, 인플루언서와의 파트너십입니다.","ShopnTry의 핵심 활동은 모바일 애플리케이션 개발 및 유지 관리, 제품 소싱 및 큐레이션, AR 기반 가상 착용 기능 구현 및 개선, 마케팅 및 판촉 활동, 인플루언서 및 브랜드와의 전략적 파트너십 구축, 고객 지원 제공, 데이터 관리 및 보안입니다.","ShopnTry의 핵심 파트너는 인플루언서, 브랜드, 소매업체, 증강 현실(AR) 기술 제공업체, 배송 및 물류 회사, 결제 게이트웨이 제공업체입니다.","ShopnTry의 비용 구조는 모바일 애플리케이션 개발 및 유지 관리, AR 기술 비용, 마케팅 및 광고 비용, 파트너십 및 협업 비용, 데이터 보안 조치 비용을 포함합니다.",정보 없음,N,Y,6가지 사고 모자 설문 조사와 디자인 씽킹 접근 방식을 사용하여 ShopnTry에 대한 핵심 비즈니스 전략을 공식화했습니다.,
Compliance patterns harnessing value modeling and legal interpretation to manage regulatory conversations.pdf,"본 논문은 기업이 관련 법규를 준수하고 있음을 입증하는 데 필요한 법률 해석을 위한 모듈 개발을 목표로 한다. 이를 위해 비공식 논리를 적용하여 법률 이론의 해석 원칙과 비즈니스 프로세스의 준수 여부를 결정하는 법률 규칙 간의 간극을 해소하고, 가치 모델링(VDML)을 통해 표현된 비즈니스 모델에 해석적 주장을 적용하여 컴플라이언스 패턴으로 요약한다. 인터넷 텔레비전 회사의 저작권법 사례 연구를 통해 접근 방식이 사례의 법적 주장을 표현할 수 있을 뿐만 아니라 대상 청중이 이해할 수 있음을 보여준다.",정보 없음,"기술 스타트업 기업, 법률 전문가, 규제 기관","기업이 법규를 준수하고 있음을 입증하는 데 필요한 법률 해석을 위한 견고한 모듈 제공, 기업이 법률 위험을 관리하고 규정 준수 여부를 확인할 수 있는 일반적인 패턴 형성 지원, 법률 전문가가 아닌 사람도 정보 아키텍처 수준에서 법적 위험을 식별하고 관리할 수 있도록 지원",정보 없음,자동화된 관계,"정부 예산, 연구 보조금","법률 전문가, 비즈니스 모델 데이터, 법률 해석 모듈, 가치 모델링(VDML) 도구","법률 해석 모듈 개발, 비즈니스 모델 분석, 법률 위험 평가, 컴플라이언스 패턴 생성, 사례 연구 적용","기술 기업, 연구 기관, 법률 자문 기관","법률 전문가 인건비, 법률 해석 모듈 개발 비용, 비즈니스 모델 분석 비용, 사례 연구 비용","컴플라이언스 패턴: 기술적 역량과 그로 인한 활동을 통해 가치 모델을 요약하고, 활동이나 역량으로 인해 발생하는 법적 위험을 식별하며, 최종 요구 사항을 나열하여 솔루션을 제공한다.",N,Y,"연구의 한계점: 본 연구는 스타트업 기업에 초점을 맞추고 있으며, 법률 해석 모델의 일반화 가능성은 추가적인 연구가 필요하다.",
Current status analysis of 5G mobile communication services industry using business model canvas in South Korea.pdf,"본 논문은 한국에서 5G 이동통신 서비스 산업의 현황을 비즈니스 모델 캔버스(BMC) 프레임워크를 사용하여 분석하고, 스마트 팩토리 및 디지털 헬스케어와 같은 주요 분야에서의 5G 배포 및 비즈니스 모델을 평가합니다. 분석 결과, 초광대역 및 저지연 서비스 제공이 28 GHz 대역 서비스 지연으로 인해 제약받고 있으며, 정부 차원의 활성화 전략이 시급히 필요함을 강조합니다.","논문에서 AI의 특징은 구체적으로 명시되어 있지는 않지만, 스마트 팩토리 및 디지털 헬스케어 분야에서 AI가 데이터 기반 의사 결정, 자동화, 예측 분석 등의 역할을 수행할 수 있음을 암시합니다. 예를 들어, 디지털 헬스케어에서는 AI 기반 진단 및 처방 서비스를 언급하고, 스마트 팩토리에서는 협업 로봇, 클라우드 컴퓨팅과 함께 AI를 통합하여 제조 혁신을 가능하게 한다고 설명합니다.","5G 이동통신 서비스 산업의 고객 세그먼트는 크게 B2C(일반 소비자)와 B2B(기업)로 나눌 수 있습니다. B2C는 고속 데이터 통신을 필요로 하는 개인 사용자이며, B2B는 스마트 팩토리, 디지털 헬스케어, 자율 주행차, 스마트 시티 등 5G 기술을 활용하여 서비스를 제공하거나 운영 효율성을 높이려는 기업들을 포함합니다.","5G 이동통신 서비스가 제공하는 가치 제안은 초고속 데이터 전송, 초저지연 통신, 대규모 연결성, 그리고 이를 기반으로 한 새로운 서비스 창출입니다. 구체적으로 스마트 팩토리에서는 생산성 향상, 자동화, 유연한 제조 환경 구축을 가능하게 하며, 디지털 헬스케어에서는 원격 의료, 실시간 건강 모니터링, 개인 맞춤형 의료 서비스 제공을 가능하게 합니다.","5G 이동통신 서비스의 채널은 이동통신 사업자의 네트워크 인프라, 온라인 및 오프라인 매장, 고객 지원 센터 등을 포함합니다. 또한, 5G 기반의 애플리케이션 및 서비스는 앱 스토어, 웹사이트, 파트너십 등을 통해 사용자에게 전달될 수 있습니다.","5G 이동통신 서비스와 고객 간의 관계는 이동통신 사업자의 서비스 품질 유지, 고객 지원, 요금제 제공 등을 통해 구축됩니다. 또한, 5G 기반의 애플리케이션 및 서비스 제공자는 고객 피드백 수집, 맞춤형 서비스 제공, 커뮤니티 운영 등을 통해 고객과의 관계를 강화할 수 있습니다.","5G 이동통신 서비스의 주요 수익 흐름은 일반 소비자의 데이터 사용량에 따른 요금, 기업 고객에게 제공하는 솔루션 및 서비스에 대한 요금, 정부 보조금, 연구 개발 지원금 등을 포함합니다. 또한, 5G 기반의 새로운 서비스 및 애플리케이션 개발을 통해 추가적인 수익을 창출할 수 있습니다.","5G 이동통신 서비스의 핵심 자원은 주파수, 네트워크 인프라(기지국, 코어 네트워크 등), 기술 인력, 데이터, 파트너십 등을 포함합니다. 특히 28 GHz 대역의 주파수와 이를 활용한 네트워크 구축은 5G 기반의 융합 서비스를 제공하는 데 중요한 역할을 합니다.","5G 이동통신 서비스의 핵심 활동은 네트워크 구축 및 유지 보수, 서비스 개발 및 제공, 마케팅 및 홍보, 고객 지원, 연구 개발 등을 포함합니다. 특히 5G 기반의 새로운 서비스 및 애플리케이션 개발은 5G 산업의 성장 동력으로 작용합니다.","5G 이동통신 서비스 산업의 핵심 파트너십은 기술 기업(장비 제조사, 소프트웨어 개발사), 연구 기관, 정부 부처, 벤처 캐피탈 등을 포함합니다. 이러한 파트너십은 기술 개발, 네트워크 구축, 서비스 제공, 자금 조달 등에 중요한 역할을 합니다.","5G 이동통신 서비스의 비용 구조는 네트워크 구축 비용, 주파수 사용료, 인건비, 마케팅 비용, 연구 개발 비용 등을 포함합니다. 특히 28 GHz 대역의 주파수를 활용한 네트워크 구축은 높은 비용이 소요되므로, 효율적인 비용 관리가 중요합니다.","논문에서는 5G 이동통신 서비스의 성공적인 구축을 위해 정부의 역할(규제 완화, 투자 유치, 산업 활성화), 기술 개발(핵심 기술 확보, 표준화), 사업 모델 혁신(킬러 서비스 발굴, 새로운 수익 모델 창출) 등을 추가적으로 제시합니다.",N,Y,"본 논문은 한국의 5G 이동통신 서비스 산업 현황을 분석하고 문제점을 진단하는 데 초점을 맞추고 있습니다. 향후 연구에서는 5G 기반의 새로운 서비스 및 애플리케이션의 성공 사례를 분석하고, 6G 시대에 대비한 전략을 제시하는 것이 필요합니다.",
Designing Tiny Robots Engaging Stakeholders in Collaborative AI System Design.pdf,"본 논문은 지능형 정보 시스템의 협업적 이해 관계자 설계를 발전시키기 위한 창의적이고 즐거운 참여 방법론의 잠재력을 탐구합니다. AI 기술 설계, 효과 및 채택을 개선하기 위해 협업적 AI 시스템 설계가 이해 관계자 간의 사회 기술적 상호 작용의 더 넓은 범위를 고려해야 한다고 주장합니다. 이를 위해 대화형 AI 디자인 카드와 Designing Tiny Robots라는 협업적 AI 디자인 스프린트 프로세스의 두 가지 프로토타입을 제시합니다.","본 논문에서 다루는 AI 시스템은 다음과 같은 특징을 가집니다:

*   알고리즘 기반 의사 결정
*   잠재적인 비윤리적 결과
*   인간-기계 상호작용
*   학습 및 자동화","이 연구에서 다루는 대상은 다음과 같습니다:

*   연구자
*   프로젝트 매니저
*   조직 리더십 팀
*   기술 개발자","본 논문에서 제안하는 솔루션은 다음과 같은 가치를 제공합니다:

*   AI 시스템 설계 및 개발을 실질적이고 매력적이며 이해하기 쉽게 만듭니다.
*   AI 지원 정보 시스템 설계에 대한 인간 중심적이고 가치 중심적인 접근 방식을 제공합니다.
*   보다 효과적인 인간-기계 시스템 설계를 위한 잠재적 이해 관계자 협의 및 공동 창작을 위한 경험적으로 테스트된 참여적 접근 방식을 제공합니다.","본 논문에서 제안하는 솔루션은 다음과 같은 채널을 통해 사용자에게 전달됩니다:

*   대화형 AI 디자인 카드
*   Designing Tiny Robots라는 협업적 AI 디자인 스프린트 프로세스
*   참여 워크숍 환경",이 논문은 AI 기술 설계 및 개발에 대한 이해 관계자의 공동 창작 프로세스를 강조합니다. 공동 작업은 Al 시스템의 효과를 개선하고 Al 기술 설계와 관련된 사회 기술적 상호 작용을 통해 여러 이해 관계자를 만족시키는 데 도움이 됩니다.,정보 없음,"본 논문에서 제안하는 솔루션의 구현 및 운영에 필요한 핵심 자원은 다음과 같습니다:

*   AI 디자인 카드
*   Designing Tiny Robots 디자인 카드 게임
*   전문 인력","본 논문에서 제안하는 솔루션의 개발, 구현 및 운영에 필요한 주요 활동은 다음과 같습니다.

*   연구 개발
*   데이터 처리
*   모델 학습
*   시스템 배포
*   사용자 교육","이 연구는 재료, 도구, 지식 및 이해 관계자 그룹에 대한 액세스를 제공하는 조직 및 연구 기관과의 파트너십을 기반으로 수행되었습니다.","본 연구에 따른 주요 비용은 AI 기술과 솔루션을 구현하는 데 따른 인건비, 재료, 장비 및 잠재적인 유지 관리 비용입니다.","이 논문은 기존의 분석 틀 외에 다음과 같은 추가적인 분석 관점을 제시합니다:

*   윤리적 고려 사항: AI 설계 및 개발에 대한 윤리적 영향을 고려합니다.
*   사회 기술적 상호 작용: AI 시스템과 이해 관계자 간의 상호 작용을 분석합니다.",N,Y,"이 연구는 Al 시스템을 더 인간 중심적으로, 투명하게, 신뢰할 수 있게 만들 수 있는 방법에 대한 통찰력을 제공합니다.",
Devices as a commons limits to premature recycling.pdf,"{
  ""핵심 내용"": ""본 논문은 전자 기기의 소유자가 폐기물을 결정하는 방식에서 벗어나 공동체가 소유하고 관리하는 ""공유 자원(Commons)"" 모델을 제안합니다. 이를 위해 외부 및 내부 조직 구성, 거버넌스 도구를 활용한 협력 플랫폼을 구축하고, 순환 제품 라이선스를 통해 기기의 소유권을 커뮤니티 또는 조직에 부여하여 재사용을 장려합니다. 또한, 기기의 사용 가치를 평가하는 알고리즘을 개발하여 재사용 수요가 없을 때만 재활용을 허용하고, 제조, 사용, 수리, 재활용 등 전체 생명주기 동안 추적 가능성을 확보합니다."",
  ""AI의 특징"": ""논문에서 AI가 직접적으로 언급되지는 않지만, 기기의 사용 가치를 평가하는 알고리즘 개발 및 2D 자동 스캐너와 머신러닝을 결합하여 장치의 미적 측면을 자동 평가하는 내용에서 AI 기술의 활용 가능성을 시사합니다."",
  ""고객 세그먼트"": ""자원봉사자, 전문가, 고객 또는 최종 사용자, 공공 행정 기관 등 디지털 기기 재사용 생태계에 참여하는 다양한 이해관계자 그룹이 존재합니다. 또한, 기증자, 유통업체, 재활용업체 등의 외부 지원 주체도 중요합니다."",
  ""가치 제안"": ""디지털 기기의 수명 연장, 폐기물 감소, 자원 효율성 증대, 경제적/사회적 가치 창출, 환경 보호, 디지털 격차 해소 등 다양한 가치를 제공합니다. 폐기물 발생 방지, 재사용 촉진, 추적성 및 감사 가능성 확보를 통해 지속 가능한 디지털 기기 사용 모델을 구축합니다."",
  ""채널"": ""웹 캠페인, 모바일 앱, QR 코드, 회의, 파트너 조직, 사회적 이벤트 등 다양한 채널을 통해 솔루션이 전달됩니다."",
  ""고객 관계"": ""자원봉사자, 공공 행정 기관, 전문가, 기관 기증자, 투자자 등 다양한 참여자들과 협력 관계를 구축하고, 인센티브 및 평판 시스템을 통해 참여를 유도합니다."",
  ""수익 흐름"": ""참여자로부터의 수수료, 기부금(기기당, 서비스당) 등을 통해 수익을 창출하며, 사회적/환경적 이익을 통해 간접적인 수익을 얻을 수 있습니다."",
  ""핵심 자원"": ""재고, 도구 및 서비스, 조직, 참여자, 기여, 저장 시설, 창고 등 다양한 핵심 자원이 필요합니다. 특히, 순환 경제 시스템을 지원하는 기술 인프라와 전문 인력이 중요합니다."",
  ""핵심 활동"": ""데이터 정리, 운송, 등록, 준비, 할당, 양도 등 다양한 활동이 필요하며, 소프트웨어 도구 및 서비스 개발, 운영 관리도 핵심 활동에 포함됩니다."",
  ""핵심 파트너십"": ""회로를 작동시키는 에이전트 및 파트너 네트워크, 규제 기관, 제조업체, 정부 기관, 위치 관련 주체, 교육 기관, 연구 기관, 자금 제공자, 스폰서 등이 핵심 파트너입니다."",
  ""비용 구조"": ""시설 투자, 소프트웨어 도구 및 서비스 개발 비용, 운영 비용, 인건비(준비, 조정, 지원) 등이 주요 비용 항목입니다."",
  ""추가영역 제시"": ""본 논문에서는 순환 경제 모델의 성공적인 구현을 위해 ""공유 자원(Commons)""이라는 개념을 도입하고, 디지털 기기의 수명 연장 및 폐기물 감소를 위한 조직적, 기술적, 사회적 측면을 종합적으로 고려합니다."",
  ""비즈니스 캔버스 모델의 틀을 바꿔 새로운 비즈니스 캔버스 모델을 제시"": ""N"",
  ""비즈니스 모델 캔버스(BMC) 활용 여부"": ""Y"",
  ""기타"": ""본 연구는 디지털 기기의 순환 경제 모델 구현에 대한 실질적인 통찰력을 제공하며, 향후 블록체인 기술 활용, 자동화된 미적 평가 시스템 구축 등 다양한 연구 방향을 제시합니다.""
}",JSON 파싱 오류,JSON 파싱 오류,JSON 파싱 오류,JSON 파싱 오류,JSON 파싱 오류,JSON 파싱 오류,JSON 파싱 오류,JSON 파싱 오류,JSON 파싱 오류,JSON 파싱 오류,JSON 파싱 오류,JSON 파싱 오류,JSON 파싱 오류,JSON 파싱 오류,JSON 파싱 오류
Ease and Ethics of User Profiling in Black Mirror.pdf,"{
  ""핵심 내용"": ""본 논문은 오늘날 서비스 개인화의 핵심 기술인 사용자 프로파일링이 윤리적, 사회적으로 미치는 영향에 대해 논의하며, 특히 블랙 미러의 ""Nosedive"" 에피소드를 예시로 들어 현재 기술 수준에서 사용자 프로파일링이 얼마나 쉽게 구현될 수 있는지 보여준다. 또한, 윤리적 측면을 고려한 책임감 있는 혁신을 장려하기 위해 ""Ethics Canvas""라는 새로운 방법론을 제시하여 기술 개발 및 적용 시 윤리적 논의를 의무화하는 방안을 제안한다."",
  ""AI의 특징"": ""본 논문에서 다루는 사용자 프로파일링 기술은 AI, 특히 머신러닝을 활용하여 개인의 행동 패턴, 구매 이력, 소셜 미디어 활동 등의 데이터를 분석하고, 이를 바탕으로 개인의 선호도, 구매력, 정치적 성향 등을 예측하는 데 사용될 수 있다. 이러한 분석은 광고 타겟팅, 선거 캠페인, 신용 평가 등 다양한 분야에 활용될 수 있으며, 개인의 동의 없이 수집된 정보가 사용될 경우 사생활 침해 및 차별 문제를 야기할 수 있다."",
  ""고객 세그먼트"": ""본 논문에서 제시하는 솔루션 및 분석의 대상 그룹은 다음과 같다:\n1.  **일반 사용자**: 사용자 프로파일링 기술의 직접적인 영향을 받는 개인 사용자 (예: 소셜 미디어 사용자, 온라인 쇼핑객 등)\n2.  **기업/기관**: 사용자 데이터를 활용하여 서비스를 제공하거나 의사 결정을 내리는 기업 및 정부 기관 (예: 광고 회사, 금융 기관, 선거 캠페인 조직 등)\n3.  **소외 계층**: 사용자 프로파일링으로 인해 차별을 받거나 불이익을 받을 수 있는 사회적 약자 (예: 특정 인종, 종교, 성별, 정치적 성향을 가진 집단 등)"",
  ""가치 제안"": ""본 논문에서 제시하는 ""Ethics Canvas"" 방법론은 다음과 같은 가치를 제공한다:\n1.  **윤리적 논의 촉진**: 기술 개발 및 적용 과정에서 윤리적 측면을 체계적으로 고려하도록 돕는다.\n2.  **책임감 있는 혁신 장려**: 기술 개발자가 기술의 잠재적 위험과 사회적 영향을 인지하고, 이를 최소화하기 위한 노력을 기울이도록 유도한다.\n3.  **이해관계자 간 소통 강화**: 기술 개발자, 사용자, 정책 입안자 등 다양한 이해관계자 간의 윤리적 문제에 대한 공통된 이해를 증진시킨다."",
  ""채널"": ""Ethics Canvas 방법론은 웹 애플리케이션 형태로 제공되며, 사용자는 이를 통해 협업 편집, 댓글 작성, 태깅, 저장 등의 기능을 활용할 수 있다. 또한, 논문에서는 사용자들에게 기술의 윤리적 측면을 더 잘 이해할 수 있도록 교육하고, 기술에 대한 질문을 던지도록 장려하는 방안을 제시한다."",
  ""고객 관계"": ""Ethics Canvas는 기술 개발자와 사용자 간의 직접적인 관계를 설정하기보다는, 기술의 윤리적 측면에 대한 논의를 촉진하고, 사용자가 기술에 대한 질문을 던지도록 장려하는 간접적인 방식을 취한다. 또한, 논문에서는 기술 사용자들이 기술의 윤리적 문제에 대해 공개적으로 논의하고, 서로의 의견을 공유하도록 장려한다."",
  ""수익 흐름"": ""본 논문에서는 특정 기술이나 모델의 직접적인 수익 창출 방식보다는, 정부 지원금(SFI Research Centres Programme, European Regional Development Fund)을 통해 ADAPT Centre에서 연구가 진행되고 있음을 언급한다. Ethics Canvas 자체는 CC-by-SA 라이선스로 공개되어 있으며, 이를 활용한 컨설팅이나 교육 서비스 제공을 통해 수익을 창출할 수 있다."",
  ""핵심 자원"": ""본 논문에서 제시하는 솔루션의 핵심 자원은 다음과 같다:\n1.  **Ethics Canvas 방법론**: 기술의 윤리적 측면을 체계적으로 분석하고 논의하기 위한 프레임워크\n2.  **전문 인력**: 윤리, 법률, 기술 등 다양한 분야의 전문가\n3.  **데이터**: 사용자 프로파일링 기술 및 윤리적 문제에 대한 사례 연구 데이터"",
  ""핵심 활동"": ""본 논문에서 제시하는 솔루션의 핵심 활동은 다음과 같다:\n1.  **Ethics Canvas 개발 및 개선**: 사용자 피드백을 기반으로 Ethics Canvas를 지속적으로 개선한다.\n2.  **윤리적 논의 촉진**: Ethics Canvas를 활용하여 기술 개발 및 적용 과정에서 윤리적 논의를 촉진한다.\n3.  **교육 및 훈련**: 기술 개발자 및 사용자에게 Ethics Canvas 사용법을 교육하고, 윤리적 문제에 대한 인식을 제고한다."",
  ""핵심 파트너십"": ""본 논문에서는 기술 개발, 구현, 또는 적용을 위해 협력하는 주요 파트너 또는 이해관계자로 ADAPT Centre, Trinity College Dublin, Dublin City University, SFI Research Centres Programme, European Regional Development Fund를 언급한다."",
  ""비용 구조"": ""본 논문에서 기술 개발, 구현, 운영과 관련하여 발생하는 주요 비용 항목은 다음과 같다:\n1.  **인건비**: 연구 인력 및 전문가 인건비\n2.  **인프라 비용**: 웹 애플리케이션 운영 및 유지보수 비용\n3.  **교육 비용**: 워크숍 및 교육 프로그램 운영 비용"",
  ""추가영역 제시"": ""본 논문에서는 기술의 윤리적 측면을 고려하기 위해 ""Ethics Canvas""라는 새로운 분석 틀을 제시한다. 이는 기술의 잠재적 위험과 사회적 영향을 평가하고, 책임감 있는 혁신을 장려하기 위한 것이다. 특히, 사용자 프로파일링 기술의 경우 개인 정보 보호 및 차별 문제를 야기할 수 있으므로, 윤리적 고려가 더욱 중요하다고 강조한다."",
  ""비즈니스 캔버스 모델의 틀을 바꿔 새로운 비즈니스 캔버스 모델을 제시"": ""N"",
  ""비즈니스 모델 캔버스(BMC) 활용 여부"": ""Y"",
  ""기타"": ""본 논문에서는 사용자 프로파일링 기술의 윤리적 문제에 대한 인식을 높이고, 책임감 있는 혁신을 장려하기 위한 노력이 필요하다고 강조한다. 또한, Ethics Canvas와 같은 방법론을 활용하여 기술 개발 및 적용 과정에서 윤리적 측면을 체계적으로 고려하는 것이 중요하다고 제안한다.""
}",JSON 파싱 오류,JSON 파싱 오류,JSON 파싱 오류,JSON 파싱 오류,JSON 파싱 오류,JSON 파싱 오류,JSON 파싱 오류,JSON 파싱 오류,JSON 파싱 오류,JSON 파싱 오류,JSON 파싱 오류,JSON 파싱 오류,JSON 파싱 오류,JSON 파싱 오류,JSON 파싱 오류
Exploring the Design Space of Therapeutic Robot Companions for Children.pdf,"{
  ""핵심 내용"": ""이 논문은 병원 환경에서 외로움, 불안, 사회적 고립과 같은 증상을 겪는 아동을 위한 치료 로봇 TACO의 디자인 공간을 탐구한다. 사용자 중심 설계를 통해 요구 사항을 파악하고, 윤리적 고려 사항을 점검하며, 프로토타입을 제작하고 초기 평가를 수행했다. 초기 테스트 결과, TACO는 아동에게 긍정적인 반응을 얻었으며, 이는 후속 연구 및 장기적인 배포 가능성을 시사한다."",
  ""AI의 특징"": ""TACO는 자율적으로 작동하며, 내장된 IMU 센서의 변화를 감지하여 열 효과, 호흡 메커니즘, RGB 조명 등과 같은 안심 행동을 유발한다. 로봇은 사용자에게 물리적 접촉을 통해 편안함을 제공하도록 설계되었으며, 이는 따뜻함과 부드러운 촉감을 통해 구현된다."",
  ""고객 세그먼트"": ""주요 고객 세그먼트는 병원에서 장기간 사회적 고립을 경험할 수 있는 4세에서 8세 사이의 아동 환자이다.  또한, 소아과 병원의 의료진, 아동 환자의 가족, 병원 경영진 등이 이차 및 삼차 사용자 그룹으로 고려된다."",
  ""가치 제안"": ""TACO는 아동에게 정서적 지원, 불안 감소, 사회적 상호 작용 기회 제공, 편안함 및 안전감을 제공하는 것을 목표로 한다. 로봇은 병원 환경에서 아동의 스트레스를 줄이고 치료 경험을 개선하는 데 기여할 수 있다."",
  ""채널"": ""TACO는 병원 내에서 직접적인 물리적 상호 작용을 통해 사용자에게 전달된다. 로봇은 아동이 만지고, 안고, 상호 작용할 수 있도록 설계되었으며, 이를 통해 정서적 교감을 형성한다."",
  ""고객 관계"": ""TACO는 자동화된 상호 작용을 통해 사용자(아동)와 관계를 구축한다. 로봇은 아동의 행동 변화에 반응하고, 따뜻함, 부드러운 촉감, 시각적 자극을 제공하여 정서적 안정감을 제공한다."",
  ""수익 흐름"": ""논문에서 직접적인 수익 흐름에 대한 언급은 없지만, 연구 자금 조달 및 로봇 개발 비용에 대한 간접적인 언급은 있다. 또한, 장기적으로는 의료 서비스 개선 및 환자 만족도 향상을 통해 병원의 평판을 높이는 데 기여할 수 있다."",
  ""핵심 자원"": ""TACO의 핵심 자원은 다음과 같다: 로봇 하드웨어(센서, 액추에이터, 전자 부품), 소프트웨어(제어 알고리즘, 행동 패턴), 데이터(아동과의 상호 작용 데이터, 사용자 피드백), 전문 인력(로봇 공학자, 디자이너, 의료 전문가), 윤리적 프레임워크(윤리적 문제 해결)"",
  ""핵심 활동"": ""TACO의 핵심 활동은 다음과 같다: 사용자 요구 사항 분석, 로봇 디자인 및 프로토타입 제작, 윤리적 고려 사항 평가, 사용자 테스트 및 평가, 로봇 유지 보수 및 업데이트."",
  ""핵심 파트너십"": ""논문에서 명시적인 핵심 파트너십은 언급되지 않았지만, 로봇 개발, 사용자 테스트, 윤리적 검토를 위해 병원, 학교, 연구 기관, 의료 전문가와 협력할 수 있다."",
  ""비용 구조"": ""TACO의 비용 구조는 다음과 같다: 로봇 개발 비용(하드웨어, 소프트웨어), 인건비(연구 개발, 디자인, 테스트), 유지 보수 비용, 윤리적 검토 비용, 사용자 교육 비용."",
  ""추가영역 제시"": ""이 논문에서는 기존의 분석 틀 외에 ""윤리적 고려 사항""을 특별히 강조한다. 이는 아동 환자를 대상으로 하는 로봇 기술의 경우 윤리적 문제가 매우 중요하며, 장기적인 배포 성공에 큰 영향을 미칠 수 있기 때문이다. 윤리적 캔버스를 사용하여 윤리적 문제를 식별하고 해결 방안을 모색한다."",
  ""비즈니스 캔버스 모델의 틀을 바꿔 새로운 비즈니스 캔버스 모델을 제시"": ""N"",
  ""비즈니스 모델 캔버스(BMC) 활용 여부"": ""N"",
  ""기타"": ""연구의 한계점으로는 소규모 표본 크기, 특정 연령대의 아동에 대한 집중, 병원 환경에서의 테스트 부족 등이 언급되었다. 향후 연구 방향으로는 장기적인 배포, 다양한 연령대의 아동에 대한 테스트, 병원 환경에서의 테스트 등이 제시되었다.""
}",JSON 파싱 오류,JSON 파싱 오류,JSON 파싱 오류,JSON 파싱 오류,JSON 파싱 오류,JSON 파싱 오류,JSON 파싱 오류,JSON 파싱 오류,JSON 파싱 오류,JSON 파싱 오류,JSON 파싱 오류,JSON 파싱 오류,JSON 파싱 오류,JSON 파싱 오류,JSON 파싱 오류
Fundamental Concepts of Building a Marketing-Oriented Business Model of Retail Structures' Innovative Development.pdf,"본 논문은 소매 구조(Retail Structures, RS)의 혁신적 발전을 위한 마케팅 중심 비즈니스 모델 구축의 기본 개념을 탐구하고, 관련된 비즈니스 모델을 체계화하며, 혁신적 발전을 위한 유망한 방향을 제시합니다. 특히, 가치 창출 및 확보 논리, 마케팅 활동 유형, 소득 확보 방법, RS 관리 메커니즘의 변화를 주요 방향으로 제시하며, 소매업 혁신 유형을 핵심 가치 증가와 연계하여 분류합니다.","본 논문에서는 인공지능(AI) 기술 자체의 특징을 직접적으로 다루지는 않지만, AI가 소매업의 혁신적인 발전에 기여할 수 있는 가능성을 시사합니다. 예를 들어, AI는 노동 수요 예측, 지능형 장비(intelligent equipment) 활용, 로봇 공학, 사물 인터넷(IoT), 구매 경로 최적화, 가격 정책 최적화, 개인화된 고객 경험 제공 등에 활용될 수 있습니다.","본 논문에서 제시하는 솔루션 및 분석의 주요 대상은 소매 구조(Retail Structures, RS)와 그 고객입니다. 구체적으로는 소매 기업, 제조업체, 최종 소비자, 그리고 이들 간의 관계 형성에 영향을 미치는 이해관계자들이 해당됩니다.",본 논문에서 제안하는 마케팅 중심 비즈니스 모델은 소매 구조(RS)의 혁신적 발전을 촉진하여 경쟁 우위를 확보하고 고객 만족도를 극대화하는 데 기여합니다. 이를 통해 소매 기업은 변화하는 시장 환경에 신속하게 대응하고 새로운 가치를 창출하여 지속 가능한 성장을 이룰 수 있습니다.,"본 논문에서 언급된 채널은 옴니채널(Omni-channels) 전략을 통해 다양한 채널(이메일, 휴대폰, 소셜 미디어 등)을 포괄적으로 활용하여 고객에게 접근하는 것을 의미합니다.","본 논문에서는 고객 참여(customer involvement)를 통해 고객과의 관계를 강화하는 것을 강조합니다. 또한, 개인화된 경험(Personalization)을 제공하여 고객 만족도를 높이는 것을 목표로 합니다.","본 논문에서는 소매 구조(RS)의 혁신을 통해 가치를 창출하고 이를 통해 수익을 확보하는 방식에 대해 논합니다. 구체적인 수익 창출 방식은 비즈니스 모델의 유형(예: 에코시스템 플레이어, 규모의 리더, 가격 리더 등)에 따라 달라집니다.","본 논문에서 제시하는 솔루션의 구현 및 운영에 필요한 핵심 자원으로는 마케팅 지식 자본(marketing knowledge capital), IT 자산(IT assets), 그리고 효과적인 마케팅 관리 방법론 등이 있습니다.","본 논문에서 제안하는 솔루션의 개발, 구현 및 운영에 필요한 주요 활동으로는 연구 개발(R&D), 데이터 분석, 마케팅 전략 수립, 고객 관계 관리, 그리고 혁신적인 기술 도입 등이 있습니다.","본 논문에서는 소매 기업, 제조업체, 소비자 간의 관계 형성이 중요하며, 특히 공급업체와의 관계(Relation with suppliers)를 강화하는 것을 강조합니다.","본 논문에서는 소매 구조(RS) 혁신을 위한 투자 비용, 마케팅 비용, 그리고 새로운 기술 도입 및 운영 비용 등이 주요 비용 항목으로 간주될 수 있습니다.","본 논문은 전통적인 비즈니스 모델 캔버스 외에 소매 구조 혁신을 위한 마케팅 중심 접근법의 중요성을 강조합니다. 특히, 고객 참여, 가치 창출 논리, 그리고 혁신을 통한 경쟁 우위 확보를 추가적으로 고려해야 할 사항으로 제시합니다.",N,N,"본 논문은 소매업의 혁신적인 발전을 위한 마케팅 중심 비즈니스 모델의 중요성을 강조하며, 향후 연구 방향으로 다양한 측면에서의 비즈니스 모델 구축 연구를 제시합니다.",
Hypotheses engineering first essential steps of experiment-driven software development.pdf,"{
  ""핵심 내용"": ""본 논문은 실험 기반 소프트웨어 개발에서 중요한 역할을 하는 ""가설 엔지니어링""이라는 새로운 분야를 제안한다. 기존의 요구사항 엔지니어링과의 비교를 통해 가설을 적절하게 관리하는 중요성을 강조하며, 이 분야 내에서 필요한 실천 방법들을 도출하고 기존 연구에서 다루어진 내용을 제시한다. 또한, 실무자들을 돕기 위한 미래 연구 방향을 제시하는 연구 질문들을 제안한다."",
  ""AI의 특징"": ""본 논문은 AI 기술 자체의 특징을 직접적으로 다루지는 않지만, AI 기반 개발(AI-driven development)이 전통적인 요구사항 기반 개발 및 실험/데이터 기반 개발과 함께 소프트웨어 개발의 세 가지 접근 방식 중 하나로 언급된다. AI 기반 개발은 입력 데이터를 기반으로 작동하고 이전의 행동으로부터 학습하는 컴포넌트를 생성하는 기술을 사용한다."",
  ""고객 세그먼트"": ""논문에서 제시하는 가설 엔지니어링은 소프트웨어 개발팀, 제품 관리자, 데이터 과학자 등 실험 기반 소프트웨어 개발 프로세스에 참여하는 모든 이해관계자를 대상으로 한다."",
  ""가치 제안"": ""가설 엔지니어링은 실험 기반 소프트웨어 개발에서 가설을 효과적으로 관리하고 검증함으로써 시간과 자원 낭비를 줄이고, 사용자에게 가치를 제공하는 기능 개발에 집중할 수 있도록 돕는다."",
  ""채널"": ""논문에서 직접적으로 채널을 언급하지는 않지만, 가설과 관련된 정보를 공유하고 실험 결과를 전달하는 채널의 중요성을 암시한다. 이는 개발팀, 제품 관리자, 고객 간의 커뮤니케이션 채널을 포함할 수 있다."",
  ""고객 관계"": ""논문에서는 가설 검증을 통해 사용자 피드백을 수집하고 이를 바탕으로 가설을 개선하는 과정을 강조한다. 이는 반복적인 실험과 피드백을 통해 사용자와의 관계를 강화하고 사용자 중심의 개발을 가능하게 한다."",
  ""수익 흐름"": ""논문에서 직접적인 수익 흐름에 대한 언급은 없지만, 가설 엔지니어링을 통해 효율적인 개발이 이루어지면 개발 비용 절감 및 빠른 시장 출시를 통해 간접적인 수익 창출이 가능하다."",
  ""핵심 자원"": ""가설 엔지니어링에 필요한 핵심 자원으로는 실험 설계 및 분석 능력, 데이터 수집 및 분석 도구, 사용자 피드백, 관련 분야 전문 지식, 그리고 가설 관리를 위한 프레임워크 또는 방법론 등이 있다."",
  ""핵심 활동"": ""가설 엔지니어링의 핵심 활동으로는 가설 생성, 가설 문서화, 가설 분석 및 우선순위 결정, 실험 설계 및 실행, 실험 결과 분석, 가설 업데이트 등이 있다."",
  ""핵심 파트너십"": ""논문에서 명시적인 핵심 파트너십은 언급되지 않았지만, 기술 개발 및 적용을 위해 기술 기업, 연구 기관, 사용자 그룹 등과의 협력이 필요할 수 있다."",
  ""비용 구조"": ""가설 엔지니어링과 관련된 주요 비용 항목으로는 인건비(전문가), 실험 도구 및 플랫폼 비용, 데이터 수집 및 분석 비용, 교육 및 훈련 비용 등이 있다."",
  ""추가영역 제시"": ""본 논문에서는 전통적인 비즈니스 모델 캔버스 외에 가설 엔지니어링이라는 새로운 분야를 제시하며, 실험 기반 소프트웨어 개발의 성공적인 적용을 위해 가설 관리의 중요성을 강조한다."",
  ""비즈니스 캔버스 모델의 틀을 바꿔 새로운 비즈니스 캔버스 모델을 제시"": ""N"",
  ""비즈니스 모델 캔버스(BMC) 활용 여부"": ""N"",
  ""기타"": ""논문은 가설 엔지니어링 분야의 초기 연구로서, 향후 연구를 위한 다양한 연구 질문을 제시한다. 가설 생성, 문서화, 분석, 우선순위 결정 등 각 활동에 대한 구체적인 방법론 및 도구 개발이 필요함을 시사한다.""
}",JSON 파싱 오류,JSON 파싱 오류,JSON 파싱 오류,JSON 파싱 오류,JSON 파싱 오류,JSON 파싱 오류,JSON 파싱 오류,JSON 파싱 오류,JSON 파싱 오류,JSON 파싱 오류,JSON 파싱 오류,JSON 파싱 오류,JSON 파싱 오류,JSON 파싱 오류,JSON 파싱 오류
IDSS-BM Intelligent Decision Support System for Business Models.pdf,"{
  ""핵심 내용"": ""본 논문은 의사 결정자가 비즈니스 모델을 설계할 때 도움을 주는 지능형 의사 결정 지원 시스템(IDSS-BM) 개발에 대해 논의하며, 특히 제안된 솔루션에 대한 설명 제공 능력을 강조하여 사용자의 신뢰도를 높이는 데 초점을 맞춘다. 이 시스템은 사례 기반 추론(CBR)을 활용하여 과거 사례 분석을 통해 새로운 솔루션을 생성하고, 비즈니스 스쿨에서 학습 도구로 사용될 수 있음을 제안한다."",
  ""AI의 특징"": ""본 논문에서 제안하는 IDSS-BM은 인공지능의 중요한 측면인 사례 기반 추론(CBR)을 활용하여 과거 사례를 기반으로 새로운 문제에 대한 해결책을 제시한다. CBR 시스템은 과거 상황에서 학습하고, 지식 기반 시스템 설계에 적합하며, 문제 해결 방법으로 사용된다. 또한, 제안된 시스템은 솔루션뿐만 아니라 ""왜 그 답이 좋은 답인가""에 대한 설명을 제공하여 사용자의 신뢰를 높인다."",
  ""고객 세그먼트"": ""주요 고객 세그먼트는 비즈니스 모델 설계를 위한 의사 결정을 수행하는 관리자, 특히 도메인 전문가와 초보 관리자 및 학생을 포함한다."",
  ""가치 제안"": ""제안된 시스템은 의사 결정 과정을 지원하고, 제안된 솔루션에 대한 설명을 제공하여 사용자의 신뢰도를 높이며, 비즈니스 스쿨에서 학습 도구로 활용될 수 있다. 또한, 새로운 상황에 대한 해결책을 제시하고, 기업이 경쟁력을 유지할 수 있도록 지원한다."",
  ""채널"": ""정보 없음"",
  ""고객 관계"": ""사용자에게 과거의 유사한 사례를 보여주고, 비즈니스 모델의 구성 요소와 가정에 대한 아이디어를 생성하도록 돕는다. 또한, 시스템은 사용자의 피드백을 수집하고 오류를 수정하여 사용자 경험을 개선한다."",
  ""수익 흐름"": ""정부 예산 또는 연구 보조금 등의 언급은 없지만, 비즈니스 모델 설계 및 평가 도구의 개발과 관련된 연구 자금 지원 가능성을 내포한다."",
  ""핵심 자원"": ""과거 사례 데이터베이스, 사례 기반 추론(CBR) 엔진, 비즈니스 모델 관련 지식, 전문 지식"",
  ""핵심 활동"": ""사례 기반 추론(CBR) 엔진 개발, 과거 사례 데이터베이스 구축 및 관리, 사용자 인터페이스 개발, 비즈니스 모델 설계 및 평가"",
  ""핵심 파트너십"": ""정보 없음"",
  ""비용 구조"": ""인건비, 인프라 비용, 데이터베이스 구축 및 관리 비용, 시스템 유지보수 비용"",
  ""추가영역 제시"": ""본 논문에서는 전통적인 비즈니스 모델 분석 틀 외에, 지능형 의사 결정 지원 시스템의 설명 가능성(Explainability)을 특별히 강조한다. 이는 시스템의 의사 결정 과정을 투명하게 하여 사용자의 신뢰를 얻고, 시스템의 수용도를 높이기 위함이다."",
  ""비즈니스 캔버스 모델의 틀을 바꿔 새로운 비즈니스 캔버스 모델을 제시"": ""N"",
  ""비즈니스 모델 캔버스(BMC) 활용 여부"": ""Y"",
  ""기타"": ""향후 연구 방향으로 인간-기계 대화를 위한 서브 모듈 개발, 사용자 선호도 및 개인 요구를 고려한 설계 개선, 사용자 학습 행동 분석 등이 제시되었다.""
}",JSON 파싱 오류,JSON 파싱 오류,JSON 파싱 오류,JSON 파싱 오류,JSON 파싱 오류,JSON 파싱 오류,JSON 파싱 오류,JSON 파싱 오류,JSON 파싱 오류,JSON 파싱 오류,JSON 파싱 오류,JSON 파싱 오류,JSON 파싱 오류,JSON 파싱 오류,JSON 파싱 오류
IoT Big Data Value Map How to Generate Value from IoT Data.pdf,"{
  ""핵심 내용"": ""본 논문은 사물 인터넷(IoT) 기술과 빅데이터, 머신러닝(ML), 데이터 마이닝(DM) 기술을 결합하여 비즈니스 가치를 창출하는 방안을 제시한다. IoT 데이터를 분석하여 가치 제안 맵(Value Proposition Map)을 활용한 새로운 프레임워크인 ""IoT 빅데이터 가치 맵(IoT Big Data Value Map)""을 제안하며, 이를 통해 원시 데이터에서 실제 비즈니스 가치 창출로 이어지는 로드맵을 제공한다."",
  ""AI의 특징"": ""머신러닝(ML)과 데이터 마이닝(DM) 기술은 IoT 데이터에서 숨겨진 지식을 추출하고 자동으로 학습 및 개선하는 능력을 가진다. 이러한 기술은 대량의 데이터를 분석하여 패턴을 발견하고 예측 분석을 수행하는 데 사용된다."",
  ""고객 세그먼트"": ""본 논문에서 제안하는 솔루션은 지식 관리, 농업, 식품 산업, 에너지 관리, 도시 관리, 건강 및 의료 과학과 같은 다양한 산업 분야의 고객을 대상으로 한다. 이러한 고객은 IoT 데이터 분석을 통해 가치를 창출하고 비즈니스 모델을 개선할 수 있다."",
  ""가치 제안"": ""본 논문에서 제안하는 솔루션은 IoT 데이터를 분석하여 숨겨진 가치를 발견하고, 이를 통해 고객의 요구를 충족시키고 문제를 해결하는 데 기여한다. 구체적으로, 에너지 소비 감소, 교통 흐름 최적화, 식품 안전 위험 감소, 의료 서비스 개선 등의 가치를 제공한다."",
  ""채널"": ""연구에서 특정 채널을 명시적으로 언급하지는 않지만, 데이터 마이닝 결과는 다양한 애플리케이션 또는 서비스를 통해 최종 사용자에게 전달될 수 있다."",
  ""고객 관계"": ""논문에서 자동화된 데이터 분석과 맞춤형 가치 제안을 통해 고객과의 관계를 구축하는 방식을 암시한다."",
  ""수익 흐름"": ""연구에서 특정 수익 창출 모델을 명시적으로 언급하지는 않지만, IoT 데이터 분석을 통해 새로운 비즈니스 모델을 개발하고 수익을 창출할 수 있는 가능성을 제시한다."",
  ""핵심 자원"": ""핵심 자원은 IoT 장치, 데이터, 데이터 마이닝 알고리즘, 전문 지식, 컴퓨팅 인프라 등이 있다."",
  ""핵심 활동"": ""주요 활동은 IoT 데이터 수집, 데이터 전처리, 데이터 마이닝 모델 학습, 결과 검증 및 지식 획득, 가치 제안 개발 등이 있다."",
  ""핵심 파트너십"": ""논문에서 특정 파트너십을 명시적으로 언급하지는 않지만, 기술 기업, 연구 기관, 정부 부처 등과의 협력을 통해 기술 개발 및 적용을 촉진할 수 있다."",
  ""비용 구조"": ""주요 비용 항목은 인건비, 인프라 비용, 데이터 저장 및 처리 비용, 소프트웨어 라이선스 비용 등이 있다."",
  ""추가영역 제시"": ""본 논문에서는 데이터 마이닝 결과를 실제 비즈니스 가치로 연결하기 위해 ""가치 제안 맵(Value Proposition Map)""을 활용하는 새로운 분석 관점을 제시한다. 이는 전통적인 비즈니스 모델 캔버스를 보완하여 IoT 데이터 분석의 가치를 명확하게 보여준다."",
  ""비즈니스 캔버스 모델의 틀을 바꿔 새로운 비즈니스 캔버스 모델을 제시"": ""N"",
  ""비즈니스 모델 캔버스(BMC) 활용 여부"": ""Y"",
  ""기타"": ""본 연구는 IoT 데이터 분석을 통해 비즈니스 가치를 창출하는 데 초점을 맞추고 있으며, 다양한 산업 분야에 적용될 수 있는 일반적인 프레임워크를 제시한다. 향후 연구에서는 특정 산업 분야에 대한 심층적인 분석과 고객 프로필 연계를 통해 보다 구체적인 비즈니스 모델을 개발할 수 있을 것이다.""
}",JSON 파싱 오류,JSON 파싱 오류,JSON 파싱 오류,JSON 파싱 오류,JSON 파싱 오류,JSON 파싱 오류,JSON 파싱 오류,JSON 파싱 오류,JSON 파싱 오류,JSON 파싱 오류,JSON 파싱 오류,JSON 파싱 오류,JSON 파싱 오류,JSON 파싱 오류,JSON 파싱 오류
Issues concerning IoT adoption for energy and comfort management in intelligent buildings in India.pdf,"{
  ""핵심 내용"": ""본 논문은 인도 내 지능형 빌딩에서 에너지 및 쾌적성 관리를 위한 IoT 도입에 관한 주요 이슈를 파악하고, 가치 사슬 전반에 걸쳐 이러한 이슈들을 조사합니다. 델파이 방법론을 사용하여 전문가 패널의 의견을 수렴하고, IoT 도입 지수를 개발하여 이해관계자들이 IoT 시스템을 평가하는 데 활용할 수 있도록 합니다."",
  ""AI의 특징"": ""이 논문에서는 AI 기반 데이터 처리가 IoT 지원 빌딩 관리 시스템의 중요한 부분으로 언급됩니다. AI는 사용자 중심의 에너지 및 쾌적성 관리 솔루션을 제공하는 데 사용됩니다. 구체적인 AI 알고리즘이나 기술에 대한 자세한 설명은 제공되지 않습니다."",
  ""고객 세그먼트"": ""본 논문에서 다루는 솔루션의 주요 고객 세그먼트는 다음과 같습니다.\n*   건물/사무 공간 소유주\n*   건축가\n*   건축 제품 제조업체\n*   건축 관리 전문가 (시공사, 프로젝트 매니저 등)\n*   시설 관리자/HVAC 전문가\n*   IoT/AI 솔루션 설계자\n*   건축 과학 전문가\n*   지속가능성 컨설턴트"",
  ""가치 제안"": ""본 논문에서 제시하는 IoT 기반 솔루션은 다음과 같은 가치를 제공합니다.\n*   에너지 효율성 향상\n*   쾌적성 증진 (열, 시각, 공기 질, 음향 등)\n*   운영 비용 절감\n*   사용자 인식 개선 (데이터 시각화)\n*   원격 접근 및 제어\n*   맞춤형 쾌적성 설정"",
  ""채널"": ""본 논문에서 명시적으로 채널을 언급하지는 않지만, IoT 시스템이 사용자에게 데이터를 제공하고 피드백을 수집하는 채널로서 다음을 추론할 수 있습니다.\n*   사용자의 스마트 기기 (모바일 폰, 스마트 워치 등)\n*   건물 관리 시스템 (BMS) 인터페이스"",
  ""고객 관계"": ""본 논문에서는 IoT 시스템을 통해 다음과 같은 고객 관계를 구축할 수 있다고 제시합니다.\n*   사용자 맞춤형 쾌적성 설정\n*   자동화된 데이터 수집 및 분석을 통한 예측 가능한 건물 성능 관리\n*   사용자 스마트 기기를 활용한 피드백 수집"",
  ""수익 흐름"": ""본 논문에서는 IoT 시스템의 수익 흐름과 관련하여 다음과 같은 내용을 언급합니다.\n*   에너지 효율적인 운영을 통한 비용 절감\n*   ""서비스로서의 빌딩""과 같은 새로운 비즈니스 모델 창출 가능성\n*   정부의 에너지 관려 정책적 지원금"",
  ""핵심 자원"": ""본 논문에서 IoT 솔루션 구현에 필요한 핵심 자원은 다음과 같습니다.\n*   IoT 센서 및 액추에이터\n*   네트워크 인프라\n*   클라우드 컴퓨팅 플랫폼\n*   데이터 분석 및 시각화 도구\n*   전문 인력 (건축가, 엔지니어, IT 전문가 등)\n*   데이터 표준"",
  ""핵심 활동"": ""본 논문에서 IoT 솔루션 개발 및 운영에 필요한 핵심 활동은 다음과 같습니다.\n*   IoT 시스템 연구 개발\n*   데이터 수집 및 처리\n*   모델 학습 및 예측 분석\n*   시스템 통합 및 배포\n*   사용자 교육 및 지원"",
  ""핵심 파트너십"": ""본 논문에서는 다음과 같은 핵심 파트너십을 언급합니다.\n*   기술 기업 (IoT 솔루션 제공업체)\n*   연구 기관\n*   정부 부처 (에너지 효율 정책 관련)\n*   건축 및 건설 회사"",
  ""비용 구조"": ""본 논문에서 IoT 솔루션 관련 주요 비용 항목은 다음과 같습니다.\n*   초기 설치 비용\n*   유지 보수 비용\n*   라이선스 비용\n*   인건비 (전문 인력)\n*   데이터 센터 운영 비용"",
  ""추가영역 제시"": ""본 논문은 인도 시장의 특성을 고려하여 IoT 도입에 영향을 미치는 다양한 요인들을 분석하고, 기존의 비즈니스 모델 캔버스 외에 IB KPIs (Intelligent Building Key Performance Indicators)를 함께 활용하여 분석의 폭을 넓혔습니다. 특히, 인도와 같이 덥고 습한 기후 조건에서의 에너지 및 쾌적성 관리, 그리고 문화적 특성을 고려한 사용자 행동 양식 분석의 중요성을 강조합니다."",
  ""비즈니스 캔버스 모델의 틀을 바꿔 새로운 비즈니스 캔버스 모델을 제시"": ""N"",
  ""비즈니스 모델 캔버스(BMC) 활용 여부"": ""Y"",
  ""기타"": ""본 논문은 델파이 연구 방법을 사용하여 인도 지능형 빌딩 시장에서 IoT 도입에 대한 전문가들의 의견을 수렴하고, IoT 도입 지수를 개발했다는 점에서 의의가 있습니다. 하지만 연구 결과가 인도 시장에 특화되어 있어 다른 지역에 일반화하기 어렵다는 한계점을 가집니다. 향후 연구 방향으로 다양한 지역에서의 추가 연구 및 IoT 시스템 성능에 대한 실증적인 데이터 확보가 필요합니다.""
}",JSON 파싱 오류,JSON 파싱 오류,JSON 파싱 오류,JSON 파싱 오류,JSON 파싱 오류,JSON 파싱 오류,JSON 파싱 오류,JSON 파싱 오류,JSON 파싱 오류,JSON 파싱 오류,JSON 파싱 오류,JSON 파싱 오류,JSON 파싱 오류,JSON 파싱 오류,JSON 파싱 오류
Lessons Learned from Developing a Sustainability Awareness Framework for Software Engineering Using Design Science.pdf,"본 논문은 디자인 과학 방법론을 사용하여 소프트웨어 엔지니어링의 지속가능성 인식을 높이는 프레임워크(SusAF) 개발 경험을 설명하고, 이 과정에서 직면한 과제와 교훈을 제시합니다. SusAF는 소프트웨어 엔지니어가 시스템 개발 중 잠재적인 지속가능성 영향을 예측하고 완화하도록 지원하며, 개발 과정에서 발견된 과제는 다른 지속가능성 통합 도구 개발에도 적용될 수 있습니다. 본 연구는 SE 연구, 교육 및 실무에 미치는 영향에 대해 논의하고, 지속가능성 분석의 복잡성과 효율성 필요성에 대한 교훈을 강조합니다.","본문에는 Vector Institute for Artificial Intelligence가 언급되지만, 연구 대상인 SusAF 프레임워크 자체의 AI 기술이나 특징은 구체적으로 설명되어 있지 않습니다. 따라서 AI 관련 특징에 대한 정보는 논문에서 직접적으로 확인할 수 없습니다.","SusAF 프레임워크의 주요 고객 세그먼트는 다음과 같습니다: 소프트웨어 엔지니어, 소프트웨어 아키텍트, IT 실무자, 학계(학생 및 연구원).  이들은 IT 제품 및 서비스의 지속가능성 영향을 평가하고 개선하는 데 관심이 있습니다.","SusAF 프레임워크는 다음과 같은 가치를 제공합니다: IT 제품 및 서비스의 잠재적인 지속가능성 영향에 대한 인식 제고, 지속가능성 차원 및 효과의 연관성 파악 지원, 지속가능성 요구사항 도출 및 분석 지원, IT 시스템 개발 및 진화 과정에서 지속가능성 고려 통합.","SusAF 프레임워크는 워크샵, 강의, 설문 조사, 강사/진행자 피드백 등을 통해 사용자에게 전달됩니다. 프레임워크 구성 요소(SusAD 다이어그램, 질문지, 사용 지침, 워크북)는 Zenodo 저장소에서 공개적으로 이용 가능합니다.","SusAF 프레임워크는 사용자(IT 실무자, 학생)가 IT 제품/서비스의 지속가능성 측면을 체계적으로 분석하고 토론할 수 있도록 지원합니다. 워크샵 환경에서 촉진자(facilitator)의 안내와 피드백을 통해 상호작용이 이루어집니다.","본 논문에서는 SusAF 프레임워크 개발에 필요한 자금 지원에 대해 언급하고 있습니다 (예: Departament de Recerca i Universitats of Catalunya, EPSRC). 하지만 SusAF 자체의 수익 창출 방식에 대한 구체적인 내용은 제시되어 있지 않습니다. 따라서 수익 흐름은 연구 보조금 및 정부 지원금 등으로 추정할 수 있습니다.","SusAF 프레임워크의 핵심 자원은 다음과 같습니다: 지속가능성 전문가, 소프트웨어 엔지니어링 전문가, 디자인 과학 방법론, 관련 데이터셋(인터뷰, 설문조사, 워크샵 데이터), SusAF 프레임워크 구성 요소(SusAD 다이어그램, 질문지, 사용 지침, 워크북).","SusAF 프레임워크 개발의 핵심 활동은 다음과 같습니다: 디자인 과학 연구 방법론 적용, 문헌 조사, 요구사항 도출, 프레임워크 설계 및 개발, 프로토타입 제작, 사용자 평가(학생, IT 실무자), 데이터 분석, 프레임워크 개선, 결과 공유.","본 연구에서는 다음과 같은 파트너십이 언급되었습니다: Furtwangen University, LUT University, Chalmers University of Technology, La Salle, University Ramon Llull, University of Bristol, Vector Institute for Artificial Intelligence, University of the West of England, University of Applied Sciences and Arts Northwestern Switzerland, University of Huddersfield, Karlskrona Alliance on Sustainability Design, Partneur, Visma, Datamatrix, Premier Park, Jeppesen-Boeing, DigiHubs.","SusAF 프레임워크 개발과 관련된 주요 비용 항목은 다음과 같습니다: 인건비(연구진), 워크샵 운영 비용, 데이터 수집 및 분석 비용, 프레임워크 배포 및 유지보수 비용.","본 논문에서는 IT 제품 및 서비스의 지속가능성 영향을 분석하기 위해 전통적인 비즈니스 모델 캔버스와 같은 틀 외에 시간적 관점(단기, 중기, 장기 영향)과 다양한 지속가능성 차원(환경, 경제, 사회, 개인, 기술)을 함께 고려해야 함을 강조합니다. 이는 지속가능성 문제의 복잡성과 장기적인 영향을 고려하기 위함입니다.",N,Y,"본 연구는 디자인 과학 연구 방법론의 한계점(긴 개발 주기, 측정의 어려움, 인류 중심적 관점)을 언급하고 있으며, 향후 연구 방향으로 지속가능성 영향 측정을 위한 핵심 성과 지표(KPI) 개발, 도메인 특화된 질문 개선, 디자인 씽킹 및 애자일 방법론과의 통합 등을 제시하고 있습니다.",
Metaverse Perspectives from Japan A Participatory Speculative Design Case Study.pdf,"본 논문은 참여적 추측 설계(PSD) 접근 방식을 활용하여 일본 시민들이 미래의 메타버스 사회에 대해 갖는 관점과 사회적, 윤리적 함의를 탐구합니다. 연구 결과, 참가자들은 메타버스가 물리적 환경의 장벽을 허물고, 사회적 상호 작용을 촉진하며, 위기 대비 및 정치 참여를 가능하게 하는 기술로 인식하고 있음을 밝혔습니다. 또한, AI 기술이 메타버스에서 중요한 역할을 할 것이라는 점과 관련된 윤리적 고려 사항도 강조되었습니다.","AI는 메타버스 내에서 사회적 역할을 수행하고, 인간과 상호 작용하며, 집단적 의견을 형성하는 데 중요한 역할을 합니다. AI 기반의 집단적 개성은 정치적 의사 결정에 영향을 미칠 수 있으며, 기존의 정치적 시스템에 대한 대안으로 제시됩니다. 또한, 자율적인 AI 에이전트가 인간의 개입 없이 가상 세계에서 경험을 생성하고, 다양한 작업을 수행할 수 있다는 특징도 논의됩니다.","이 연구의 주요 대상은 미래 메타버스 사회에 영향을 받을 수 있는 시민들입니다. 특히, 일본 시민들의 관점을 중심으로 메타버스가 사회 문제 해결에 기여할 수 있는 잠재력과 관련된 다양한 이해 관계자들을 고려합니다. 이 연구는 또한 어린이, 고령자, 기술 채택자 및 회의론자 등 다양한 사회 구성원을 포함합니다.","메타버스는 물리적 환경의 한계를 극복하고 사회적 상호작용과 공동체 형성을 촉진하며, 자기 선택적 정체성으로 나타날 수 있는 공간을 제공합니다. 또한 AI 기반의 집단적 개성을 통해 제도화된 정치 영역과 연결되는 담론 및 의견 구축 플랫폼을 제공하여, 미래 사회에 대한 시민들의 참여를 증진시킬 수 있습니다.","참여적 추측 설계(PSD) 워크숍, 연구 결과 발표, 학술 논문","자동화된 지원, 맞춤형 서비스 제공, 피드백 루프","정부 예산, 연구 보조금","전문 인력, 데이터셋, 컴퓨팅 인프라, 특정 알고리즘","연구 개발, 데이터 처리, 모델 학습, 시스템 배포, 사용자 교육","기술 기업, 연구 기관, 정부 부처, NGO","인건비, 인프라 비용, 유지보수 비용, 라이선스 비용","이 연구는 기술 수용에 대한 문화적 민감성의 중요성을 강조하며, 서구 중심적인 관점과는 다른 일본 시민들의 독특한 관점을 분석합니다. 또한, 가상 현실(VR) 트라우마와 같은 윤리적 고려 사항, AI 권리, 정치적 대표성 등의 문제를 제기합니다.",N,Y,"이 연구는 일본의 특정 상황에 초점을 맞추고 있으며, 모집 전략의 한계와 관련된 제약 사항이 있습니다. 미래 연구에서는 다양한 지역적 맥락을 포함하고, 다양한 관점을 고려해야 합니다. 또한, 디자인 결정이 어떻게 사회적, 윤리적 문제에 영향을 미치는지에 대한 추가적인 탐구가 필요합니다.",
Models for Innovative IoT Ecosystems.pdf,"본 논문은 사물 인터넷(IoT) 생태계의 비즈니스 모델 진화에 대한 배경과 수직적, 수평적 모델의 두 가지 주요 유형을 분석합니다. 또한 Intel, Amazon, Google, Microsoft, IBM 등 주요 기업들의 수평적 통합 접근 방식을 살펴보고, 수평적 통합이 미래에 더욱 번성할 가능성이 높다고 결론짓습니다.","본 논문은 AI의 특징을 명시적으로 언급하지 않지만, 사물 인터넷 플랫폼의 일부로 데이터 분석, 머신 러닝 서비스와 같은 AI 기술이 활용될 수 있음을 암시합니다. 예를 들어, Amazon Web Services (AWS)는 Amazon Machine Learning 서비스를 제공하며, Google은 웹 규모 처리, 분석, 머신 인텔리전스를 활용하여 IoT 솔루션을 구축한다고 언급합니다.","IoT 솔루션 개발자, 기업, 최종 사용자, 다양한 산업 분야의 고객 (예: 스마트 홈, 산업 자동화 등). 또한, 플랫폼 제공업체 (예: Intel, Amazon, Google, Microsoft, IBM)의 파트너 및 생태계 구성원도 포함됩니다.","다양한 IoT 장치 및 시스템 간의 상호 운용성 제공, 데이터 수집, 저장, 분석 기능 제공, 새로운 서비스 개발 및 비즈니스 모델 혁신 지원, 보안, 확장성, 관리 용이성 제공, 개발 시간 단축 및 시장 출시 가속화.","클라우드 기반 플랫폼, API, 개발자 도구, SDK, 마켓플레이스, 파트너십, 컨설팅 서비스, 교육 프로그램.","자동화된 지원, 커뮤니티 포럼, 문서, 샘플 코드, 파트너십 프로그램, 기술 지원.","구독 모델, 사용량 기반 요금, 라이선스, 플랫폼 사용료, 데이터 분석 서비스, 컨설팅 서비스, 시스템 통합 서비스, IoT 장치 판매 수익.","클라우드 인프라, 데이터 센터, 소프트웨어 플랫폼, API, 개발자 도구, 데이터 관리 및 분석 기술, 보안 기술, 전문 인력, 파트너십 네트워크.","플랫폼 개발 및 유지 보수, API 및 SDK 제공, 데이터 관리 및 분석 서비스 제공, 보안 서비스 제공, 마케팅 및 영업, 파트너십 관리, 기술 지원.","기술 기업, 클라우드 서비스 제공업체, 장치 제조업체, 시스템 통합업체, 통신 사업자, 연구 기관.","인건비, 인프라 비용, 데이터 센터 운영 비용, 마케팅 및 영업 비용, 연구 개발 비용, 기술 지원 비용, 보안 비용, 규정 준수 비용.","본 논문에서는 IoT 비즈니스 모델의 복잡성을 고려할 때, 가치 사슬, 가치 네트워크, 경쟁 전략 등 네트워크 중심의 관점을 추가적으로 고려해야 함을 제시합니다. 이는 IoT 생태계의 다양한 이해관계자 간의 상호 작용과 협력을 중요하게 보기 때문입니다.",N,N,"본 논문은 IoT 플랫폼의 성숙도가 비즈니스 및 산업용 IoT 시장에 미치는 영향이 소비자 시장보다 더 크다고 지적합니다. 또한, 성공적인 IoT 플랫폼은 광범위한 지원 조치를 통해 외부 개발자를 참여시키고 혁신을 장려하기 위해 플랫폼을 개방해야 한다고 강조합니다.",
Navigating the new frontier the impact of artificial intelligence on students' entrepreneurial competencies.pdf,"본 논문은 인공지능(AI) 기술, 특히 ChatGPT가 기업가정신 교육에서 학생들의 기업가적 역량에 미치는 영향을 탐구합니다. 연구 결과, ChatGPT는 학생들이 기회를 포착하고 아이디어를 평가하는 능력을 향상시키는 데 도움이 되며, 비즈니스 모델 캔버스(BMC) 개발 및 개선에 기여하는 것으로 나타났습니다. 그러나 창의성 개발에는 논란의 여지가 있으며, 윤리적 고려사항과 잠재적 과제에 대한 인식이 필요함을 강조합니다.","ChatGPT는 대량의 데이터를 학습하여 인간의 글쓰기를 모방한 텍스트를 생성할 수 있는 Generative Pre-trained Transformer(GPT) 모델에 기반한 대화형 AI 챗봇입니다. 복잡한 질문에 답변하고, 다양한 주제에 대한 콘텐츠를 생성하며, 정보를 요약하고, 수학 문제를 해결하고, 데이터를 분석하여 통찰력을 제공하는 등 다양한 작업을 수행할 수 있습니다.","본 연구의 주요 대상은 기업가정신 수업에 등록한 학부생입니다. 특히, ChatGPT를 활용하여 비즈니스 모델 캔버스를 개선하고자 하는 학생들을 대상으로 합니다.","ChatGPT는 학생들에게 다음과 같은 가치를 제공합니다:
1. 기업가적 기회 식별 및 평가 능력 향상
2. 비즈니스 모델 캔버스(BMC) 개발 및 개선 지원
3. 경쟁 분석 및 시장 조사 용이성
4. 의사 결정 과정 지원
5. 아이디어 구체화 및 가치 제안 명확화","본 연구에서 ChatGPT는 수업 활동의 일부로 제공되며, 학생들은 이를 통해 비즈니스 모델 캔버스를 개선하고 기업가적 역량을 개발합니다. 구체적인 플랫폼이나 API에 대한 언급은 없습니다.","ChatGPT는 학생들에게 자동화된 지원과 피드백을 제공하여 기업가적 아이디어를 개발하고 구체화하는 데 도움을 줍니다. 그러나 인간적인 상호작용의 중요성을 강조하며, AI에 대한 과도한 의존을 경계합니다.","논문에서 ChatGPT 자체의 수익 흐름에 대한 언급은 없지만, 연구는 교육 기관이 ChatGPT를 활용하여 학생들의 기업가적 역량을 강화하고, 궁극적으로는 더 성공적인 기업가 양성에 기여할 수 있음을 시사합니다. 이는 교육 기관의 평판을 높이고, 더 많은 학생들을 유치하는 데 도움이 될 수 있습니다.","본 연구의 핵심 자원은 다음과 같습니다:
1. ChatGPT (Generative AI 모델)
2. 기업가정신 교육 프로그램
3. 비즈니스 모델 캔버스 (BMC)
4. 학생들의 참여 및 데이터","본 연구의 핵심 활동은 다음과 같습니다:
1. ChatGPT를 활용한 기업가정신 교육 과정 설계 및 구현
2. 학생들의 비즈니스 모델 캔버스 개선 활동 지원
3. 설문 조사를 통한 학생들의 경험 및 인식 데이터 수집
4. 통계 및 텍스트 분석을 통한 데이터 분석
5. 연구 결과 해석 및 논문 작성","논문에 명시적으로 언급된 핵심 파트너십은 없지만, 연구는 Ohio University, Free University of Bozen Bolzano, University of North Georgia와 같은 교육 기관과의 협력을 통해 이루어졌습니다.","ChatGPT 사용과 관련된 비용은 명시적으로 언급되지 않았지만, 일반적으로 AI 도구 사용에는 구독료 또는 사용료가 발생할 수 있습니다. 또한, 교육 과정 설계 및 구현, 데이터 분석, 연구 논문 작성 등에 대한 인건비도 고려해야 합니다.","이 논문은 ChatGPT가 기업가적 역량 개발에 미치는 영향을 분석하면서, 윤리적 고려사항, 창의성 개발에 대한 논쟁, AI 의존성에 대한 우려 등을 추가적으로 제시했습니다. 이러한 요소들은 AI 기술을 교육에 적용할 때 고려해야 할 중요한 측면을 강조합니다.",N,Y,"본 연구는 ChatGPT가 학생들의 기업가적 역량, 특히 아이디어 가치 평가 능력 향상에 긍정적인 영향을 미치는 것으로 나타났지만, 창의성 개발에는 논란의 여지가 있습니다. 또한, 소규모 표본, 자발적인 참여, 단일 대학에 대한 연구 제한 등의 한계점을 가지고 있습니다. 향후 연구에서는 더 넓은 범위의 기관에서 더 큰 표본을 사용하여 이러한 제한 사항을 해결할 수 있습니다.",
Participatory design of business models.pdf,"이 논문은 사용자 중심 혁신과 개방형 혁신에 대한 최근의 집중이 새로운 제품이나 서비스 자체를 넘어 비즈니스를 만드는 방식 자체에 대한 관심으로 이동했음을 지적한다. 특히 인터넷 상거래의 발전과 함께 비즈니스 모델링 프로세스를 더 넓은 범위의 행위자들에게 개방하기 위해 참여 디자인 방법이 적용되고 있는 사례를 소개하며, 참여 디자인이 사업 모델 혁신에 기여할 수 있는 방안을 모색한다.",정보 없음,"연구자, 실무자, 교육자","참여 디자인을 통해 비즈니스 모델 혁신에 대한 논의를 촉진하고, 다양한 이해관계자들이 비즈니스 모델 개발에 참여할 수 있도록 지원","워크숍, 발표, 토론",참가자들의 경험 공유 및 상호 학습,정보 없음,"참여 디자인 방법론, 비즈니스 모델링 도구, 참가자들의 경험","워크숍 진행, 참여 디자인 방법 시연, 토론 촉진",정보 없음,정보 없음,참여 디자인의 철학적 관점에서 상업적(제품) 개발과 혼합되어야 하는지 여부에 대한 참가자들의 입장을 제안,N,Y,이 연구는 Osterwalder의 비즈니스 모델 캔버스가 다양한 이해관계자의 참여를 기반으로 하며 비즈니스 세계에서 매우 인기가 있음을 언급합니다.,
Public AI canvas for AI-enabled public value A design science approach.pdf,"이 논문은 공공 기관이 인공지능(AI) 시스템에 투자할 때 활용할 수 있는 공공 AI 캔버스(PAIC)라는 새로운 프레임워크를 디자인하고 평가하는 것을 목표로 한다. 디자인 과학적 접근 방식을 사용하여 개발된 PAIC는 공공 가치 중심의 AI 지원 레이어, 공공 가치 논리 레이어, 공공 가치 중심의 사회적 지침 레이어의 세 가지 레이어로 구성된다. PAIC는 공공 기관의 비즈니스 모델 혁신을 위한 지침을 제공하고, AI 배포를 위한 검증된 도구로서의 역할을 한다.","이 논문에서 다루는 AI 시스템은 텍스트 생성 능력, 자동화, 데이터 분석, 예측 분석 등의 특징을 가지며, 공공 서비스를 개선하고 업무 효율성을 높이는 데 기여할 수 있다. 하지만 AI 시스템은 데이터나 알고리즘의 편향으로 인해 차별적인 결과를 초래하거나, 개인 정보 침해, 일자리 감소 등의 사회적 비용을 발생시킬 수 있다는 점도 지적한다.","이 논문에서 제시하는 PAIC의 주요 사용자는 공공 기관, 공무원, 시민이다. PAIC는 공공 서비스를 제공하고 AI 시스템을 통해 공공 가치를 창출하고자 하는 모든 이해관계자를 대상으로 한다.","PAIC는 공공 기관이 AI 시스템을 효과적으로 도입하고 운영할 수 있도록 지원하며, 다음과 같은 가치를 제공한다. 첫째, AI 시스템을 통해 공공 가치를 창출하는 데 필요한 요소들을 체계적으로 분석하고 평가할 수 있도록 돕는다. 둘째, AI 시스템 도입으로 인해 발생할 수 있는 사회적 비용을 고려하고, 윤리적 문제를 해결하는 데 도움을 준다. 셋째, AI 시스템의 설계, 개발, 배포 전반에 걸쳐 의사 결정을 지원한다.","PAIC는 워크숍, 교육 프로그램, 컨설팅 등을 통해 사용자에게 전달될 수 있으며, 온라인 플랫폼이나 API를 통해 접근성을 높일 수 있다. PAIC는 또한 다양한 이해관계자 간의 소통과 협력을 촉진하는 도구로 활용될 수 있다.","PAIC는 사용자에게 맞춤형 서비스 제공, 피드백 루프 등을 통해 사용자 참여를 유도하고, 지속적인 관계를 구축할 수 있도록 지원한다. 또한, 자동화된 지원 시스템을 통해 사용자 문의에 신속하게 대응하고, 문제 해결을 지원한다.","PAIC는 공공 기관의 예산, 정부 지원금, 연구 보조금 등을 통해 자금을 조달할 수 있으며, AI 시스템 도입으로 인한 효율성 증대 및 비용 절감을 통해 경제적 가치를 창출할 수 있다. PAIC는 또한 새로운 서비스 개발 및 수익 창출 모델 발굴을 지원한다.","PAIC는 전문 인력, 데이터셋, 컴퓨팅 인프라, 특정 알고리즘, 파트너십 등을 핵심 자원으로 활용하며, AI 시스템 개발 및 운영에 필요한 모든 자원을 효과적으로 관리할 수 있도록 지원한다.","PAIC는 연구 개발, 데이터 처리, 모델 학습, 시스템 배포, 사용자 교육 등을 핵심 활동으로 정의하며, AI 시스템 개발, 구현, 운영에 필요한 모든 활동을 체계적으로 관리할 수 있도록 돕는다.","PAIC는 기술 기업, 연구 기관, 정부 부처, NGO 등과의 협력을 통해 기술 개발, 구현, 적용을 촉진하며, 다양한 이해관계자 간의 협력을 통해 AI 시스템의 사회적 영향력을 극대화한다.","PAIC는 인건비, 인프라 비용, 유지보수 비용, 라이선스 비용 등을 주요 비용 항목으로 고려하며, AI 시스템 개발, 구현, 운영과 관련된 모든 비용을 체계적으로 관리할 수 있도록 지원한다.","이 논문에서는 AI 시스템 도입 시 윤리적 고려사항, 투명성, 공정성, 책임감 등의 중요성을 강조하며, PAIC를 통해 이러한 가치를 실현할 수 있도록 지원한다. 또한, AI 시스템의 사회적 영향력을 평가하고, 잠재적 위험을 최소화하는 데 필요한 지표를 제시한다.",Y,Y,"이 연구는 공공 기관의 AI 시스템 도입에 대한 이해를 높이고, PAIC라는 실질적인 도구를 제공함으로써 AI 기술의 사회적 가치 창출에 기여한다. 향후 연구에서는 PAIC의 효과성을 실증적으로 검증하고, 다양한 공공 서비스 분야에 적용하여 일반화 가능성을 평가할 필요가 있다.",
"REBALANCING INTEGRATED, DEMAND-RESPONSIVE PASSENGER AND FREIGHT TRANSPORT – AN AGENT-BASED SIMULATION APPROACH.pdf","본 논문은 통합 수요 대응형 승객 및 화물 운송(IDRT)에 대한 재분배 전략을 제안하고 에이전트 기반 시뮬레이션 모델을 통해 그 효과를 측정합니다. 제안된 재분배 접근 방식은 총 차량 주행 거리 측면에서 최대 15.1%, 승객 대기 시간 측면에서 30%까지 재분배가 없는 시스템보다 성능이 뛰어날 수 있음을 보여줍니다.",이 논문에서 사용된 머신러닝 모델(ML-model)은 과거의 모바일 통신 데이터를 기반으로 특정 모빌리티 클러스터에서 다른 클러스터로의 이동 건수를 예측합니다. 이 예측은 차량 재분배 전략을 결정하는 데 사용됩니다.,농촌 지역 주민 (특히 독일 Sarstedt 지역) 및 화물 운송 서비스 사용자.,"수요가 낮은 지역에서 유연성과 높은 서비스 빈도를 제공하여 오염 물질 배출, 소음 배출 또는 사고와 같은 부정적인 교통 관련 외부 효과를 줄이면서 규모의 경제를 실현합니다. 또한, 고객 대기 시간을 단축하고 차량 활용률을 높입니다.","IDRT 시스템은 모바일 통신 트래픽 데이터를 기반으로 모빌리티 요청을 처리하고, Google OR Tools를 사용하여 차량 경로를 최적화합니다.","수요에 따라 차량을 재분배하여 고객의 대기 시간을 줄이고, 차량 공유를 통해 차량 활용률을 높입니다.",정보 없음,"IDRT 차량, 모바일 통신 트래픽 데이터, Google OR Tools, 재분배 전략을 구현하는 머신러닝 모델, Sarstedt 지역의 공간 데이터.","모빌리티 요청 처리, 화물 배송, 차량 재분배, 시뮬레이션 모델 개발 및 실행, 데이터 분석.","산업 파트너 (모바일 통신 데이터 제공), 공공 모빌리티 및 물류 서비스 제공업체.","차량 운영 비용, 인건비, 머신러닝 모델 유지보수 비용, Google OR Tools 사용 비용.","본 연구에서는 IDRT 시스템의 효율성을 평가하기 위해 총 차량 주행 거리, 평균 고객 대기 시간, 차량 서비스 시간, 차량 재분배 시간, 차량 대기 시간 등의 지표를 사용합니다.",N,N,"연구의 한계점으로는 환경적 요인, 물류 측면, 다양한 소포 크기, 우회 요인 등을 고려하지 않았다는 점이 제시되었습니다. 향후 연구 방향으로는 경제적 타당성 평가, 환경 영향 측정, 다른 재분배 전략과의 비교 등이 제시되었습니다.",
Reliable Cloud Software Development Architectures and Business Models Case Study RIDEaaS and GAE Launcher.pdf,"본 논문은 클라우드 환경에서 애플리케이션 개발 시 안정성 문제를 해결하기 위해 새로운 클라우드 서비스인 RIDEaaS(Reliable Integrated Development Environment as a Service)를 제안한다. RIDEaaS는 통합 개발 환경, 소프트웨어 신뢰성 개념, 내결함성 기술을 클라우드 핵심 서비스에 통합하여 클라우드 개발자가 소프트웨어 수준에서 클라우드 시스템의 안정성을 관리할 수 있도록 지원하며, 새로운 고가용성 코딩 모델을 제시한다.","본 논문에서 제시하는 IDEaaS는 머신러닝 알고리즘을 활용하여 자동 코딩 또는 코드 분석을 수행하는 기능을 포함할 수 있으며, 이는 코드 개발을 돕고 잠재적인 오류를 식별하는 데 기여할 수 있다.","프리랜서 개발자, 중소 규모 클라우드 지향 기업, 대규모 클라우드 기반 기업","코딩 유연성, 실시간 협업 코딩, 빠른 애플리케이션 배포, 정보 공유, 시간 및 비용 생산성 향상, 개선된 프리랜싱 기회","일반 클라우드 고객, 전문적인 소셜 네트워크(LinkedIn, Elance 등), 클라우드 콘솔 플랫폼",클라우드 최종 사용자 및 개발자 서비스,"온라인 결제를 기반으로 한 PM(프로젝트 관리) 및 개발자 기반 애플리케이션 개발, 프로젝트 개발 수에 따른 높은 수익","개발자, 프로젝트 관리자, 클라우드 애플리케이션, 클라우드 인프라","온라인 코드 개발 및 배포, 클라우드 최종 사용자 및 개발자로부터 발생하는 수익 창출","온라인 PM 도구 및 프레임워크(Jira, ASANA 등), 클라우드 공급자(Amazon, Azure, Google 등), API, 타사 라이브러리","개발 및 유지 관리 비용, 타사 서비스와의 통합, 계약 합의, 전용 및 공유 클라우드 인프라 비용",고가용성 코딩(High Availability Coding): 개발자가 특정 컴포넌트에 대해 높은 가용성을 수동으로 개발하거나 클라우드 RaaS 프레임워크에서 자동 생성할 수 있도록 요청할 수 있는 새로운 모델을 제시한다.,N,Y,"연구의 한계점으로는 클라우드 SDK의 잠재적인 보안 문제와 사용자 인터페이스 디자인의 복잡성 등이 언급될 수 있다. 향후 연구 방향으로는 인공지능을 활용하여 코드 개발을 지원하고, 보안을 강화하며, 최종 사용자의 통제를 강화하는 방안이 제시되었다.",
Research on Business Model Innovation of Online Education.pdf,"{
  ""핵심 내용"": ""본 논문은 디지털 경제 시대에 온라인 교육 기업의 비즈니스 모델 혁신을 연구하고, Genshuixue 기업 사례를 분석하여 온라인 교육 기업이 시장 세분화, 가치 제안, 채널 접근, 수익원, 핵심 자원, 핵심 활동 등에서 어떻게 혁신을 이루어 지속 가능한 성장을 달성하는지 분석합니다. 이를 통해 다른 온라인 교육 기관의 발전에 대한 참고 자료를 제공하는 것을 목표로 합니다."",
  ""AI의 특징"": ""논문에서 인공지능은 온라인 교육의 OMO 모델에서 교육 효과 및 경험을 개선하기 위해 활용되며, 빅데이터 분석을 통해 학생 데이터를 분석하고 맞춤형 학습 계획을 수립하는 데 사용됩니다. 또한, 데이터 분석을 기반으로 학생의 학습 행동을 기록하고 정확하게 분석하여 다양한 학습 계획을 맞춤화하는 데 활용됩니다."",
  ""고객 세그먼트"": ""본 논문에서는 K12 교육 시장, 성인 교육 시장 등 다양한 고객 세그먼트를 다루고 있으며, 특히 Genshuixue 기업이 다양한 브랜드를 통해 각 세분 시장에 특화된 서비스를 제공하는 전략을 분석합니다. 예를 들어, Genshuixue는 K12 교육, 대학원 입시, 영어 학습, 공무원 시험 등 다양한 성인 교육 서비스를 제공하며, K12 학생들을 위한 별도의 플랫폼을 운영합니다."",
  ""가치 제안"": ""온라인 교육 기업은 고객의 문제 해결과 요구 충족을 위해 우수한 강사 자원, 커리큘럼 개발 능력, 양질의 교육 서비스 제공, 맞춤형 학습 계획 제공 등을 가치 제안으로 제공합니다. Genshuixue는 유명 강사 효과를 활용하고, 빅데이터 기반의 학습 데이터 분석을 통해 학생들에게 맞춤화된 학습 경험을 제공합니다."",
  ""채널"": ""Genshuixue는 WeChat 공식 계정, 커뮤니티 운영, 인터넷 광고 등 다양한 옴니 채널 마케팅 커뮤니케이션을 활용하여 잠재 고객에게 가치 제안 및 핵심 강좌를 알립니다. 특히 WeChat 공식 계정 매트릭스를 구축하여 인터넷 트래픽 유입을 유도하고 잠재 고객을 확보합니다."",
  ""고객 관계"": ""Genshuixue는 고객 만족도를 높이기 위해 우수한 교육 서비스 품질을 유지하고, 유명 강사 강의와 더불어 더블 티처 지도를 제공하여 학생들에게 고품질의 교육 지도를 제공합니다. 또한, 훈련생을 위한 프리 클래스 미리보기, 교실 상호 작용, 클래스 후 지도, 실습 교정 등 전체 프로세스를 동반하고 감독합니다."",
  ""수익 흐름"": ""논문에서는 강좌 콘텐츠 및 부가 가치 서비스 요금, B-end 멤버십 요금 등이 수익 흐름으로 언급됩니다. 특히 Genshuixue는 초기 O2O 플랫폼에서 B2C 자립형 모델로 전환하면서 수익을 창출하기 시작했습니다."",
  ""핵심 자원"": ""온라인 교육 기업의 핵심 자원은 우수한 강사 자원, 커리큘럼 개발 능력, 빅데이터 분석 능력 등이 있습니다. Genshuixue는 유명 강사 자원을 확보하고 자체 커리큘럼 시스템을 구축하며, 빅데이터 분석을 통해 학생들에게 맞춤형 강좌를 제공합니다."",
  ""핵심 활동"": ""온라인 교육 기업의 핵심 활동은 강좌 개발, 학생 모집, 교육 서비스 제공, 고객 관리 등이 있습니다. Genshuixue는 데이터 분석을 기반으로 학생들의 학습 행동을 기록하고 분석하여 맞춤형 학습 계획을 수립합니다."",
  ""핵심 파트너십"": ""논문에서는 외부 유명 강사 및 아웃소싱 커리큘럼 개발 파트너십이 언급됩니다. Genshuixue는 초기에는 외부 자원에 의존했지만 점차 내부 커리큘럼 시스템을 구축하고 내부 유명 강사를 육성하는 방향으로 전환했습니다."",
  ""비용 구조"": ""온라인 강좌 맞춤화 비용, 플랫폼 기술 운영 비용, 온라인 강사 교육 비용 및 관리 비용, 마케팅 비용 등이 주요 비용 항목입니다. Genshuixue는 고객 세분화에 대한 인식을 통해 비용 구조를 통제하고 ""유명 강사 + 온라인 수업"" 방식으로 운영하여 더 나은 비용 구조를 달성합니다."",
  ""추가영역 제시"": ""논문에서는 온라인 교육 기업의 성공적인 비즈니스 모델 혁신을 위해 고객 세분화의 중요성을 강조합니다. 다양한 고객 세그먼트에 맞는 브랜드 및 서비스 제공, 데이터 기반의 개인화된 학습 경험 제공 등이 중요하다고 제시합니다."",
  ""비즈니스 캔버스 모델의 틀을 바꿔 새로운 비즈니스 캔버스 모델을 제시"": ""N"",
  ""비즈니스 모델 캔버스(BMC) 활용 여부"": ""Y"",
  ""기타"": ""논문에서는 온라인 교육 기업이 사용자에게 집중하고, 교육 콘텐츠를 풍부하게 하고, 품질을 향상시키고, 네트워크 배수 및 빅데이터 관리를 최대한 활용하고, 지속적으로 경쟁력을 향상시키고, 보다 과학적이고 수익성 있는 비즈니스 모델을 창출해야 한다고 강조합니다.""
}",JSON 파싱 오류,JSON 파싱 오류,JSON 파싱 오류,JSON 파싱 오류,JSON 파싱 오류,JSON 파싱 오류,JSON 파싱 오류,JSON 파싱 오류,JSON 파싱 오류,JSON 파싱 오류,JSON 파싱 오류,JSON 파싱 오류,JSON 파싱 오류,JSON 파싱 오류,JSON 파싱 오류
Research on the Business Model Innovation in Online Tourism Services A Case Study of Ctrip.pdf,"본 논문은 온라인 여행 서비스 산업의 비즈니스 모델 혁신에 대한 연구로, Ctrip을 사례 연구 대상으로 선정하여 비즈니스 모델 캔버스를 활용해 분석하였다. 연구 결과, 차별화된 개발, 완벽한 서비스 시스템 구축, 기술 역량 강화, 온라인 및 오프라인 다차원 채널, 핵심 자원 강화가 Ctrip의 비즈니스 모델 혁신에 기여하며 중국 온라인 여행 서비스 시장의 건전한 발전을 촉진하는 것으로 결론지었다.","본 논문에서는 AI 기술 자체의 특징을 구체적으로 분석하지는 않지만, 온라인 여행 서비스의 경쟁력 강화를 위해 인공지능 고객 서비스와 같은 기술 활용 방안을 제시한다. 이러한 AI 기술은 고객 소통 효율성을 높이고 인건비 및 커뮤니케이션 비용을 절감하는 데 기여할 수 있다고 언급되어 있다.","Ctrip의 주요 고객 세그먼트는 고소득층의 비즈니스 고객과 휴가 여행객이다. 비즈니스 고객은 소비에 계절적 변동이 적고 제품 및 서비스에 대한 요구 수준이 높으며, 휴가 여행객은 Ctrip의 주요 고객 중 12%를 차지한다. 또한 호텔, 항공사, 관광 명소 에이전트, 여행사 등도 Ctrip의 대상 시장에 포함된다.","Ctrip의 가치 제안은 전문적인 관리를 통해 온라인 여행 슈퍼마켓을 구축하고 고객 경험을 향상시키는 것이다. 고객은 자신의 필요에 따라 적합한 호텔과 항공권을 자유롭게 선택하고, 차량 예약, 현지 음식, 여행 가이드 등을 예약할 수 있으며, 여행 상품의 품질을 평가하고 개인 여행 경험을 공유할 수 있다.","Ctrip은 자체 웹 포털(Ctrip.com), 가상 여행 커뮤니티(lvping.com), 기타 웹사이트를 구축하여 온라인 여행 슈퍼마켓이라는 가치 제안을 개선한다. 또한 전화, 팩스, 웹 페이지, 이메일, 문자 메시지, 온라인 인스턴트 메시징 등 다양한 서비스 연락 센터를 운영하며, 오프라인 채널로는 Starway 호텔과의 협력 및 주요 항공사와의 제휴를 통해 서비스를 제공한다.","Ctrip은 사용자 경험 향상에 주력하며, 고객에게 충분한 자율성과 고도로 개인화된 서비스를 제공하여 사용자 만족도를 높인다. Ctrip은 고객의 자율성을 침해하지 않으면서 여행의 모든 단계에 참여하고 서비스를 제공하며, 가이드 역할을 수행한다. Ctrip에 인수된 웹사이트와 오프라인 서비스 파트너는 자체 고객을 보유하고 Ctrip과 협력 관계를 유지하며 공동 발전을 추구한다.","Ctrip의 주요 수익은 호텔, 항공권, 기차표 및 기타 비즈니스 여행 및 휴가 상품에 대한 대행 수수료에서 발생하며, 온라인 광고 및 Ctrip VIP 멤버십에서 소량의 수익이 발생한다.","Ctrip은 풍부한 인적 자원을 보유한 세계 최대의 여행 서비스 연락 센터를 보유하고 있다. 또한 전 세계 주요 항공사를 포함하며, 138개 국가 및 지역의 32,000개 이상의 호텔과 협력하여 풍부한 관광 자원을 보유하고 있다. 첨단 기술은 Ctrip의 혁신과 개발의 원천이 되는 또 다른 핵심 자원이다.","Ctrip의 주요 활동은 관광 상품, 관광 서비스 및 여행 정보 제공을 포함한다. 호텔 예약, 항공권 예약, 여행 서비스, 목적지 관광 관리(식사 주문, 차량 렌트, 티켓 등), 관광 정보 제공, 평가 및 경험 공유 등을 제공한다.","Ctrip은 세계 주요 항공사들과 항공 노선을 제휴하고, 138개 국가 및 지역의 32,000개 이상의 호텔 및 36개 관광 사무소와 긴밀한 협력 관계를 유지한다. 또한 보험 회사와 협력하여 다양한 여행 관련 보험 상품을 제공하며, WeChat Pay, 은행 저축 카드, 신용 카드, 온라인 결제, Alipay 등과 협력하여 다양한 결제 방식을 제공한다.","Ctrip의 운영 비용은 마케팅 비용, 인적 자원 비용, 예약 서비스 센터 건설 비용, 관광 자원 개발 비용의 네 가지 모듈로 나눌 수 있다. 마케팅 비용은 고객과 파트너를 유치하고 개발하는 데 중요하며, 인적 자원 비용은 회사 인적 자원에 사용된다. 호텔과 같은 관광 상품 개발에는 많은 비용이 소요되며, 예약 서비스 센터 건설 비용에는 웹사이트, 앱 및 기타 기술 건설 투자와 예약 서비스 센터 건물 건설 및 장비 비용이 포함된다.","본 논문에서는 전통적인 비즈니스 모델 캔버스 외에 특별히 강조하거나 추가적으로 제시한 분석 관점은 명확하게 드러나지 않는다. 다만, 온라인 여행 서비스 산업의 경쟁력 강화를 위한 구체적인 전략(예: 차별화된 개발, 완벽한 서비스 시스템 구축 등)을 제시하는 데 집중하고 있다.",N,Y,"본 논문에서는 Ctrip의 비즈니스 모델 혁신 전략으로 차별화된 개발, 완벽한 서비스 시스템 구축, 기술 역량 강화, 온라인 및 오프라인 다차원 채널 구축, 핵심 자원 강화를 제시한다. 또한, 경쟁 우위를 유지하기 위해 지속적인 혁신과 개선이 필요함을 강조한다.",
Social Robot Co-Design Canvases A Participatory Design Framework.pdf,"이 논문은 사회적 로봇의 참여적 설계를 위한 프레임워크와 캔버스 도구를 제시합니다. 이 프레임워크는 다학제적 팀 간의 협업을 촉진하고 로봇 설계 과정에 사용자의 관점을 통합하는 데 사용될 수 있으며, 두 가지 사회적 로봇 설계 사례 연구를 통해 유용성을 검증했습니다. 참가자 피드백을 통해 캔버스가 설계에 대한 명확성, 공유된 관점 형성, 교육적 경험을 제공하는 데 도움이 된다는 것을 확인했습니다.","이 논문에서 다루는 AI의 특징은 다음과 같습니다.
*   인간 행동 및 지능에 대한 깊은 이해 필요
*   사회적 로봇 기술 및 방법론은 로봇공학, 인공지능, 심리학, 신경과학, 인간 요소, 디자인, 인류학 등에 의해 정보 제공
*   다양한 학문 분야의 지식 필요
*   다학제적 협업의 어려움 해결
*   윤리적 고려 사항 통합
*   사용자 참여 유도","이 논문에서 분석하는 솔루션, 기술, 또는 모델의 주요 사용자는 다음과 같습니다.
* 로봇 설계에 참여하는 다학제적 팀 (로봇 공학자, 디자이너, 도메인 전문가, 잠재적 사용자 등)
* 소셜 로봇을 사용하는 잠재적 사용자, 수혜자 또는 대상 그룹
* 어린이
* 자폐 스펙트럼 장애 아동
* 노인
* 치매 환자
* 간병인","이 논문에서 제안하거나 분석하는 솔루션, 기술, 또는 모델이 제공하는 핵심적인 가치, 혜택, 또는 해결하는 문제점은 다음과 같습니다.
* 다학제적 팀 협업 촉진
* 사회적 로봇 설계 과정에 사용자 참여 증진
* 설계 과정의 명확성 및 구조화
* 다양한 관점 공유 및 합의된 관점 도출
* 교육적이고 즐거운 설계 경험 제공
* 윤리적 고려사항 통합
* 다양한 맥락에 적용 가능한 유연성
* 설계 및 데이터 수집 단계 구체화
* 다양한 학문적 배경 지식 통합","이 논문에서 제안하거나 분석하는 솔루션, 기술, 모델이 사용자에게 전달되거나 소통하는 경로는 다음과 같습니다.
* 캔버스 (인쇄물 또는 디지털)
* 워크숍 세션
* 퍼실리테이터 (Facilitator)
* 온라인 플랫폼 (Minecraft, Twitch)","이 논문에서 제안하거나 분석하는 솔루션, 기술, 모델과 사용자 간의 상호작용 방식이나 관계 구축 방식으로 언급된 부분은 다음과 같습니다.
* 공동 설계 (Co-design)
* 사용자 피드백 통합
* 퍼실리테이터를 통한 지원
* 윤리적 고려사항 반영
* 사용자 중심 설계 (User-Centered Design, UCD)","이 논문에서는 기술이나 모델의 수익 창출 방식에 대한 직접적인 언급은 없지만, 프로젝트 자금 지원에 대한 정보가 제공됩니다. Futurice, AMIGOS: PTDC/EEISII/7174/2014, Osk. Huttunen Foundation, EP/T517847/1 (EPSRC), Fundação para a Ciência e a Tecnologia (FCT), Academy of Finland Strategic Research Council project ROSE, 314180 등에서 자금 지원을 받았습니다.","이 논문에서 제안하거나 분석하는 솔루션, 기술, 모델의 구현 및 운영에 필요한 핵심 자원은 다음과 같습니다.
* 디자인 캔버스
* 다학제적 팀 (로봇 공학자, 디자이너, 도메인 전문가, 잠재적 사용자 등)
* 사용자 피드백
* 윤리적 고려사항
* 사례 연구 데이터
* 사회적 로봇 기술 및 디자인 관련 지식
* 워크숍 퍼실리테이터","이 논문에서 제안하거나 분석하는 솔루션, 기술, 모델을 개발, 구현, 운영하기 위해 필요한 주요 활동은 다음과 같습니다.
* 디자인 캔버스 개발 및 개선
* 워크숍 진행
* 사용자 피드백 수집 및 분석
* 사례 연구 수행
* 사회적 로봇 구현 및 테스트
* 윤리적 고려사항 통합","이 논문에서 기술 개발, 구현, 또는 적용을 위해 협력하는 주요 파트너 또는 이해관계자는 다음과 같습니다.
* Futurice
* Yle (핀란드 공영 방송)
* Oodi Helsinki 중앙 도서관
* 연구 자금 지원 기관 (AMIGOS, Osk. Huttunen Foundation, EPSRC, FCT, Academy of Finland 등)
* 로봇 개발 및 테스트 팀","이 논문에서 기술 개발, 구현, 운영과 관련하여 발생하는 주요 비용 항목은 다음과 같습니다.
* 인건비 (연구원, 디자이너, 엔지니어)
* 워크숍 운영 비용
* 로봇 플랫폼 및 부품 비용
* 데이터 수집 및 분석 비용
* 프로젝트 관리 비용","이 논문에서는 사회적 로봇 설계 시 윤리적 고려사항을 명시적으로 강조하고, 다양한 윤리적 문제와 해결 방안을 제시합니다. 이는 기존 분석 틀에서 간과될 수 있는 부분을 보완하고, 사용자 안전, 데이터 보안, 투명성, 평등, 감정적 배려, 행동 강제 등 다양한 측면에서 윤리적 설계를 유도합니다. 가치 민감 설계(Value Sensitive Design) 방법을 통해 기술 설계 과정에서 윤리를 적극적으로 통합하는 것을 장려합니다.",N,N,"이 논문은 참여 디자인(Participatory Design, PD)과 인간-로봇 상호작용(Human-Robot Interaction, HRI) 분야의 연구에 기여하며, 사회적 로봇 설계 시 다학제적 협업과 윤리적 고려사항의 중요성을 강조합니다. 캔버스 도구는 PD 프로세스를 촉진하고 다양한 관점을 통합하는 데 유용하지만, 사용자의 기술적 이해도 및 문화적 배경에 따라 효과가 달라질 수 있습니다. 향후 연구에서는 캔버스 도구의 효과를 정량적으로 평가하고, 다양한 사용자 그룹에 대한 적용 가능성을 검증할 필요가 있습니다.",
Text Mining Enabled CEET@I Methodology for Business Model Analysis with the Case of Shared bicycle.pdf,"{
  ""핵심 내용"": ""본 논문은 성공적인 비즈니스 모델이 쉽게 복제되지 않는 문제에 대한 해결책으로 CET@I 방법론을 개선하고, 공유 자전거 사례를 통해 이를 분석합니다. 텍스트 마이닝을 활용하여 기업가 정신이 비즈니스 모델 내 암묵적 지식의 중요한 차원임을 밝히고, 이를 CET@I 모델에 통합하여 CEET@I 방법론을 개발하고, 그 타당성을 입증합니다. 이는 공유 경제 환경에서 비즈니스 모델 분석에 대한 새로운 관점을 제공합니다."",
  ""AI의 특징"": ""본 연구에서는 자연어 처리(NLP) 기술을 기반으로 텍스트 마이닝을 수행하여 비정형 데이터에서 정보를 추출하고 분석합니다. 특히, NLPIR-Parser 소프트웨어를 활용하여 키워드 분석을 수행하고, 텍스트 데이터에서 기업 운영에 영향을 미치는 요소를 도출합니다."",
  ""고객 세그먼트"": ""본 논문에서 분석하는 공유 자전거 서비스의 주요 사용자 세그먼트는 단거리 이동을 원하는 사람들입니다. 이들은 ""라스트 마일 문제""를 해결하고, 편리하고 저렴한 교통수단을 필요로 합니다."",
  ""가치 제안"": ""공유 자전거 서비스는 사용자에게 단거리 이동의 편리함과 저렴한 비용을 제공하며, 이는 ""라스트 마일 문제""를 해결하는 데 기여합니다. 또한, 광고주는 플랫폼을 통해 광고를 게재하여 수익을 창출할 수 있습니다."",
  ""채널"": ""공유 자전거 서비스는 주로 모바일 앱 또는 플랫폼을 통해 사용자에게 제공됩니다. 이를 통해 사용자는 자전거를 검색하고, 대여하고, 반납할 수 있습니다."",
  ""고객 관계"": ""공유 자전거 서비스는 B2C (Business-to-Consumer) 및 B2B2C (Business-to-Business-to-Consumer) 관계를 구축합니다. B2C 관계는 사용자와 서비스 제공자 간의 직접적인 관계이며, B2B2C 관계는 기업이 다른 기업과의 협력을 통해 사용자에게 서비스를 제공하는 관계입니다."",
  ""수익 흐름"": ""공유 자전거 서비스의 주요 수익 흐름은 사용자가 지불하는 요금과 광고주의 광고 수익입니다. 또한, 투자 유치를 통해 자금을 확보할 수도 있습니다."",
  ""핵심 자원"": ""공유 자전거 서비스의 핵심 자원은 사용자 기반, 정보 통신 기술(ICT), 그리고 자전거 자체입니다."",
  ""핵심 활동"": ""공유 자전거 서비스의 핵심 활동은 자전거 대여, 자전거 유지 보수, 기술 개발 및 사용자 교육입니다."",
  ""핵심 파트너십"": ""공유 자전거 서비스는 자전거 공급업체, 광고주, 투자자와의 파트너십을 통해 운영됩니다."",
  ""비용 구조"": ""공유 자전거 서비스의 주요 비용 항목은 자전거 구매 및 유지 보수 비용, 기술 개발 비용, 인건비, 그리고 마케팅 비용입니다."",
  ""추가영역 제시"": ""본 논문에서는 기업가 정신을 비즈니스 모델 분석에 중요한 요소로 강조하며, 이는 기존의 CET@I 모델에 추가하여 CEET@I 모델을 제시하는 이유가 됩니다. 기업가 정신은 사용자 요구에 대한 통찰력, 혁신 능력, 위험 감수 능력, 그리고 의사 소통 능력과 관련되어 있으며, 이는 공유 자전거 서비스의 성공 또는 실패에 큰 영향을 미칩니다."",
  ""비즈니스 캔버스 모델의 틀을 바꿔 새로운 비즈니스 캔버스 모델을 제시"": ""N"",
  ""비즈니스 모델 캔버스(BMC) 활용 여부"": ""Y"",
  ""기타"": ""본 연구는 공유 경제 환경에서 비즈니스 모델 분석을 위한 새로운 방법론을 제시하고, 기업가 정신의 중요성을 강조합니다. 그러나, 연구 결과는 특정 사례(공유 자전거)에 기반하며, 다른 산업 분야에 대한 일반화에는 한계가 있을 수 있습니다.""
}",JSON 파싱 오류,JSON 파싱 오류,JSON 파싱 오류,JSON 파싱 오류,JSON 파싱 오류,JSON 파싱 오류,JSON 파싱 오류,JSON 파싱 오류,JSON 파싱 오류,JSON 파싱 오류,JSON 파싱 오류,JSON 파싱 오류,JSON 파싱 오류,JSON 파싱 오류,JSON 파싱 오류
The Augmentation of Interest in a Community Application for PetHub via Data-Informed Content Recommendations Tailored.pdf,"본 논문은 펫 관련 커뮤니티를 위한 PetHub 어플리케이션 개발 및 데이터 기반 맞춤형 콘텐츠 추천을 통한 관심 증진 방안을 연구합니다. PetHub은 펫을 사랑하는 사람들이 소통하고 정보를 공유할 수 있는 공간을 제공하며, 사용자의 행동 패턴과 콘텐츠 특징을 분석하여 맞춤형 추천을 제공함으로써 사용자 만족도를 높이는 것을 목표로 합니다. 연구 결과는 사용자의 인식, 기대, 개선 영역에 대한 통찰력을 제공하며, PetHub 애플리케이션의 효과를 향상시키기 위한 전략적 조정을 가능하게 합니다.","본 논문에서 활용하는 AI 기술은 사용자 데이터(선호도, 행동 패턴)와 콘텐츠 특징을 분석하여 맞춤형 추천을 제공하는 데 사용됩니다. 구체적으로는 협업 필터링(Collaborative Filtering), 콘텐츠 기반 필터링(Content-based Filtering) 및 하이브리드 모델을 활용하여 사용자에게 적합한 콘텐츠를 추천합니다.","PetHub 어플리케이션의 주요 고객 세그먼트는 펫을 소유하고 있거나 펫에 관심을 가진 개인들입니다. 설문 조사 결과, 주요 사용자층은 21-30세의 학생이며, 1-2년의 펫 소유 경험을 가진 경우가 많습니다. 주 거주 지역은 방콕이며, 주로 고양이와 개를 키우는 사용자가 많습니다.","PetHub 어플리케이션은 다음과 같은 가치를 제공합니다.
1.  펫 관련 정보 공유 및 소통 공간 제공
2.  데이터 기반 맞춤형 콘텐츠 추천을 통한 사용자 만족도 향상
3.  펫 케어 비용 절감 및 지식 교환 촉진
4.  수의사 연결 및 허브 정보 제공을 통한 반려동물 폐사율 감소
5.  공통 관심사를 가진 커뮤니티 형성 지원","PetHub 어플리케이션은 어플리케이션 자체를 통해 사용자에게 콘텐츠를 전달하고 소통합니다. 구체적인 채널(예: 웹사이트, 소셜 미디어)에 대한 정보는 논문에 명시되어 있지 않습니다.","PetHub 어플리케이션은 사용자 간의 소통과 정보 공유를 촉진하며, 데이터 기반 맞춤형 추천을 통해 개인화된 경험을 제공합니다. 사용자 피드백을 수집하고 분석하여 어플리케이션을 지속적으로 개선하는 피드백 루프를 구축합니다.","본 논문에서는 PetHub 어플리케이션의 구체적인 수익 창출 방식에 대한 언급은 없습니다. 다만, 지식 교환을 통해 펫 케어 비용을 절감하고 특별 멤버십 혜택을 제공하는 것을 목표로 하는 것으로 보아, 멤버십 모델이나 광고 수익 등을 고려할 수 있을 것으로 추정됩니다.","PetHub 어플리케이션의 핵심 자원은 다음과 같습니다.
1.  펫 관련 전문 지식 및 정보
2.  사용자 데이터(선호도, 행동 패턴)
3.  콘텐츠 추천 알고리즘 (협업 필터링, 콘텐츠 기반 필터링, 하이브리드 모델)
4.  어플리케이션 개발 및 운영 인프라","PetHub 어플리케이션의 핵심 활동은 다음과 같습니다.
1.  어플리케이션 개발 및 유지보수
2.  사용자 데이터 수집 및 분석
3.  콘텐츠 추천 알고리즘 개발 및 개선
4.  사용자 커뮤니티 관리 및 지원
5.  콘텐츠 큐레이션 및 제공","본 논문에서는 PetHub 어플리케이션의 구체적인 핵심 파트너십에 대한 언급은 없습니다. 다만, 수의사 연결 및 정보 제공을 통해 반려동물 폐사율 감소를 목표로 하는 것으로 보아, 동물병원, 제약회사, 펫 관련 용품 제조사 등과 파트너십을 고려할 수 있을 것으로 추정됩니다.","PetHub 어플리케이션의 주요 비용 항목은 다음과 같습니다.
1.  어플리케이션 개발 및 유지보수 비용
2.  서버 및 인프라 운영 비용
3.  데이터 분석 및 알고리즘 개발 비용
4.  마케팅 및 홍보 비용
5.  인건비","본 논문에서는 UTAUT(Unified Theory of Acceptance and Use of Technology) 모델을 활용하여 사용자 수용도에 영향을 미치는 요인을 분석합니다. UTAUT 모델은 성과 기대, 노력 기대, 사회적 영향, 촉진 조건과 같은 요인을 고려하여 기술 수용에 대한 포괄적인 이해를 제공합니다.",N,Y,"연구 결과, 펫 오너들은 펫의 파괴적인 행동에 대한 고충이 많으며, 허브 치료제에 대한 관심이 낮은 것으로 나타났습니다. 또한, 사용자들은 앱의 편리성은 높게 평가했지만, 사회적 영향력은 낮다고 평가했습니다. 이러한 결과는 PetHub 어플리케이션의 개선 방향을 설정하는 데 도움이 될 수 있습니다.",
The hedonic price model of online short-term rental market based on machine learning.pdf,"본 논문은 공유 경제의 맥락에서 베이징 Airbnb 온라인 단기 임대 데이터를 사용하여 AutoGluon 머신러닝 모델을 통해 가격 범위를 예측하고 모델의 해석 가능성을 분석합니다. 지리적 위치와 숙소 유형이 온라인 단기 임대 시장 가격에 가장 큰 영향을 미치며, 이는 온라인 단기 임대 플랫폼과 집주인이 합리적으로 집 가격을 책정하고 서비스 품질을 향상시키는 데 참고 자료가 됩니다.","AutoGluon 모델은 앙상블 및 다층 스태킹 기능을 가지고 있으며, 데이터 전처리 자동화, 다양한 의사 결정 트리 모델 통합, 다층 스태킹 통합을 통해 예측 정확도를 향상시킵니다.","온라인 단기 임대 플랫폼 사용자, 집주인, 관광객","온라인 단기 임대 가격 예측, 합리적인 가격 책정 가이드라인 제공, 서비스 품질 개선, 가격 영향 요인 분석",온라인 단기 임대 플랫폼 (예: Airbnb),"데이터 기반의 가격 책정 및 서비스 품질 개선 제안, 사용자 리뷰 및 피드백 반영","온라인 단기 임대 플랫폼 수수료, 집주인의 임대 수익","베이징 Airbnb 온라인 단기 임대 데이터셋, AutoGluon 머신러닝 모델, 컴퓨팅 인프라","데이터 전처리, 모델 학습 및 평가, 모델 해석, 가격 영향 요인 분석","Airbnb (데이터 제공), Ali Tian chi (데이터 제공)","인건비, 컴퓨팅 인프라 비용, 데이터 관리 비용","가격에 영향을 미치는 요인으로 지리적 위치, 숙소 유형 외에도 주변 환경(교통, 의료, 교육 시설)을 고려해야 함을 제시합니다.",N,N,연구의 한계점으로 더 많은 가격 특징과 온라인 비즈니스 데이터 샘플을 결합하여 모델이 더 많은 정보를 학습할 수 있도록 하는 것을 제시합니다. 또한 데이터 노이즈를 줄이기 위해 모델을 도입하기 전에 더 자세한 특징 엔지니어링을 수행할 수 있음을 언급합니다.,
The Qualitative Background of why a DSL knowledge based platform is needed in the context of Sustainability.pdf,"{
  ""핵심 내용"": ""이 논문은 스마트 제조 및 Industry 4.0 환경에서 지속 가능성 및 리스크 관리를 위한 서비스 지향적 도메인 특화 언어(DSL) 플랫폼의 고수준 아키텍처 개발을 목표로 한다. 특히 비즈니스 로직과 이해, 그리고 지식 수집에 초점을 맞춘 두 가지 사례 연구를 통해 향후 DSL 플랫폼 구축을 위한 기반을 마련한다. 기존 비즈니스 모델 캔버스(BMC)를 확장하여 지속가능성 목표와 위험 요소를 통합하는 방안을 모색하고, 이를 통해 기업이 지속가능한 비즈니스 모델을 구축하도록 지원하고자 한다."",
  ""AI의 특징"": ""AI, ML 및 데이터 분석 기능은 자동 변환, 생성 및 분석을 위한 통합 플랫폼을 제공하기 위해 모델과 결합되어야 한다."",
  ""고객 세그먼트"": ""주로 중소기업(SME)을 대상으로 하며, 이들은 지속 가능성 고려 사항에 가장 많이 노출되고 분석 및 채택에 어려움을 겪을 가능성이 높다."",
  ""가치 제안"": ""기업이 지속 가능한 목표(SDGs)와 리스크 관리를 비즈니스 모델에 통합하고, 순환 경제적 접근 방식을 통해 지속 가능한 사고방식을 구현하도록 지원한다. DSL 기반 플랫폼을 통해 컨설팅 비용을 절감하고, 자동화된 도구 지원을 제공하여 기업의 의사 결정을 지원한다."",
  ""채널"": ""제안된 솔루션은 DSL 플랫폼, 데이터 분석 방법(R 언어 등), 그래픽 사용자 인터페이스(GUI)를 통해 사용자에게 전달될 수 있다. 이는 워크숍 형태의 기존 방식 대신 자동화된 환경을 제공한다."",
  ""고객 관계"": ""솔루션은 자동화된 도구, 맞춤형 지속 가능성 목표 설정, 그리고 실시간 데이터 분석 및 시각화를 통해 고객과의 지속적인 상호 작용을 지원한다. 또한 의사 결정 지원 시스템을 통해 최적의 시나리오를 제시하고 의사 결정을 돕는다."",
  ""수익 흐름"": ""논문에서 명시적인 수익 흐름은 언급되지 않았으나, Science Foundation Ireland grant 16/RC/3918을 통해 연구가 지원받았음을 명시하고 있다. 잠재적으로는 정부 지원금 또는 기업 라이선스 모델이 가능하다."",
  ""핵심 자원"": ""전문 지식(DSL, 지속 가능성, 위험 관리), 데이터 세트, 컴퓨팅 인프라, 관련 알고리즘, GOLD 프레임워크, DIME 모델링 환경."",
  ""핵심 활동"": ""DSL 플랫폼 개발, 데이터 수집 및 분석, 지속 가능성 및 위험 관리 모델 개발, 사용자 교육 및 지원, 사례 연구 분석."",
  ""핵심 파트너십"": ""Confirm 스마트 제조 센터, Science Foundation Ireland, Fraunhofer 플랫폼."",
  ""비용 구조"": ""인건비, 인프라 비용, DSL 플랫폼 개발 및 유지보수 비용, 데이터 분석 도구 라이선스 비용."",
  ""추가영역 제시"": ""이 연구는 기존 비즈니스 모델 캔버스의 틀을 확장하여 지속 가능성 및 위험 관리 요소를 통합하는 ""지속 가능성 모델 캔버스(SBC)""를 제시한다. 또한, ""순환 경제"" 개념을 강조하여 기업이 지속 가능성을 단순히 일회성 활동이 아닌, 지속적인 프로세스로 내재화하도록 유도한다."",
  ""비즈니스 캔버스 모델의 틀을 바꿔 새로운 비즈니스 캔버스 모델을 제시"": ""Y"",
  ""비즈니스 모델 캔버스(BMC) 활용 여부"": ""Y. 이 논문은 BMC를 기반으로 지속가능성 및 위험 관리 요소를 통합한 새로운 비즈니스 모델 캔버스(SBC)를 제안하고, 이를 통해 기업이 지속가능한 비즈니스 전략을 수립하도록 돕는다."",
  ""기타"": ""이 연구는 질적 연구에 기반하고 있으며, 사례 연구를 통해 얻은 결과를 바탕으로 DSL 플랫폼 아키텍처를 제안한다. 향후 연구에서는 실제 DSL 플랫폼을 구축하고, 그 효과를 검증하는 것이 필요하다.""
}",JSON 파싱 오류,JSON 파싱 오류,JSON 파싱 오류,JSON 파싱 오류,JSON 파싱 오류,JSON 파싱 오류,JSON 파싱 오류,JSON 파싱 오류,JSON 파싱 오류,JSON 파싱 오류,JSON 파싱 오류,JSON 파싱 오류,JSON 파싱 오류,JSON 파싱 오류,JSON 파싱 오류
Towards an Educational Design Pattern Language for Massive Open Online Courses (MOOCs).pdf,"본 논문은 MOOC(Massive Open Online Course) 설계 시 학습 설계자와 강사를 지원할 수 있는 교육 디자인 패턴 언어를 제안하는 것을 목표로 한다. 이를 위해 MOOC의 라이프사이클, 관련 아티팩트, 디지털 도구를 포함하는 학습 디자인 프레임워크를 개발하고, MOOC 개발 경험, 전문가 설문조사, 문헌 검토를 통해 수집된 49개의 디자인 패턴을 제시한다. 특히, 플립 러닝(Flipped Learning) 교수법을 활용하여 MOOC의 교육적 설계를 지원하는 패턴 컬렉션을 제공함으로써 학습 경험 향상, 학생 참여 증진, 자기 주도 학습 강조를 도모한다.",정보 없음,"MOOC 강사, 학습 설계자, MOOC 개발팀, MOOC 학습자","MOOC 설계 시 경험적 이론에 기반한 실천 방안을 제공하여 과정의 질을 향상시키고, MOOC 설계 및 개발 프로세스에서 발생하는 문제 해결을 지원하며, 학습 경험 향상, 학생 참여 증진, 자기 주도 학습 강조를 가능하게 함","MOOC 플랫폼, MOOC 학습 자료, 설문 조사, 피드백, 워크샵","학습자 참여 독려, 맞춤형 학습 경험 제공, 강사와 학습자 간의 상호작용 촉진, MOOC 커뮤니티 포럼","연구 지원을 위한 자금 지원(브라질의 FAPESP, CAPES, CNPq, IFSULDEMINAS 등)","교육 디자인 패턴 언어, MOOC 라이프사이클 모델, 학습 디자인 프레임워크, MOOC 개발 경험, 전문가 네트워크, 플립 러닝 교수법, MOOC 플랫폼","MOOC 설계 및 개발, 디자인 패턴 수집 및 검증, MOOC 라이프사이클 정의, 학습 디자인 프레임워크 개발, MOOC 구현 및 평가","MOOC 플랫폼 제공 업체, 교육 기관, 연구 기관, 자금 지원 기관","MOOC 개발 인건비, 플랫폼 사용료, 학습 자료 제작 비용, 전문가 자문 비용","본 논문은 플립 러닝(Flipped Learning) 교수법을 MOOC 설계의 핵심적인 교육 전략으로 강조한다. 이는 전통적인 비즈니스 모델 캔버스와 같은 틀에서 MOOC의 교육적 특성을 충분히 반영하기 어렵다고 판단하여, 플립 러닝의 원리를 MOOC 설계에 통합함으로써 학습 효과를 극대화하고자 한다.",N,Y,"본 연구는 MOOC 설계를 위한 교육 디자인 패턴 언어를 제시하고 있지만, 개발, 제공, 평가 단계와 관련된 더 많은 패턴을 발굴하고 개선해야 할 필요가 있다. 또한, 본 연구에서 제시된 패턴의 유용성을 검증하기 위한 추가 연구가 필요하다.",
"Trigeneration based on the pyrolysis of rural waste in India Environmental impact, economic feasibility and business model innovation.pdf","본 논문은 인도 농촌 지역에서 발생하는 폐기물을 열분해하여 바이오에너지로 전환하는 트리제너레이션(Trigeneration) 시스템의 환경적 영향, 경제적 타당성, 비즈니스 모델 혁신에 대해 연구합니다. 현장 조사 데이터를 바탕으로 몬테카를로 시뮬레이션을 적용하여 경제성 및 환경 영향 평가의 불확실성을 분석하고, 개선된 편익-비용 비율을 달성할 수 있는 새로운 비즈니스 모델을 제시합니다.",정보 없음,"인도 농촌 지역 사회 주민, 특히 전기 공급이 부족하고, 가정 내 공기 오염에 노출되어 있으며, 농지 황폐화로 어려움을 겪는 인구.","전기 공급 부족 해결, 가정 내 공기 오염 감소, 농지 황폐화 방지, 깨끗한 조리 연료 제공, 비료 대체제 제공, 지역 사회 경제 활성화.","트리제너레이션 시스템을 통해 생산된 전기: 지역 전력망을 통해 공급, 바이오 숯(Biochar): 지역 농민들에게 비료 대체제로 제공, 바이오 오일(Bio-oil): 지역 주민들에게 조리 연료로 공급.","지역 NGO(Gram Utthan)와의 협력을 통한 설문 조사 및 데이터 수집, 사용자 중심의 시스템 설계, 지역 사회 구성원의 시스템 운영 참여 유도.","전기 판매 수익, 바이오 숯 판매 수익, 바이오 오일 판매 수익, 정부 및 제3섹터 기금/보조금 (초기 투자: 민간 부문 기업의 사회적 책임(CSR) 활동을 통해 조달).","폐기물 자원(소, 나무, 농업 폐기물), 열분해 기술, 트리제너레이션 시스템 운영 인력, 지역 NGO 협력, 설문 조사 데이터.","폐기물 수집 및 열분해 처리, 바이오 오일, 바이오 숯 생산, 전기 생산, 시스템 운영 및 유지보수, 지역 사회 교육 및 훈련.","지역 NGO(Gram Utthan), 지역 사회 구성원, 민간 부문 기업(CSR 파트너), 정부 기관.","열분해 시스템 설치 비용, 운영 및 유지보수 비용, 폐기물 수집 비용, 인건비.","사회적 기업 또는 비영리 벤처를 위한 비즈니스 모델 캔버스를 활용하여 경제적, 환경적 지속 가능성 및 사회적 혁신 목표를 달성하고자 함. 순환 경제 모델을 도입하여 폐기물 재활용 및 자원 효율성을 극대화.",N,Y,"지역 주민들의 요구를 반영한 사용자 중심의 설계를 강조하며, 지역 사회의 참여와 협력을 통해 지속 가능한 비즈니스 모델을 구축하는 것이 중요함을 강조함.",
